"ID","Description","GeneRatio","BgRatio","RichFactor","FoldEnrichment","zScore","pvalue","p.adjust","qvalue","geneID","Count"
"GO:0007059","chromosome segregation","118/2806","434/18860",0.271889400921659,1.82745335045705,7.29095444045557,1.49620356582033e-11,5.59613723920131e-08,5.05150242779995e-08,"ABRAXAS1/ACTB/AKAP8/ANAPC1/ANAPC11/APC/ARHGEF10/ARID1B/ATM/BAG6/BCCIP/BCL7A/BUB3/CCDC86/CCNB1/CCNE2/CCSAP/CDC42/CDC6/CDK1/CDT1/CENPF/CENPN/CENPO/CEP192/CEP63/CHFR/CHMP2B/CHMP5/CHMP7/CSNK2A2/CUL3/DDX3X/DPF2/DYNC1H1/EHMT2/EML4/ERCC2/FBXO30/FLNA/GEN1/GPSM2/GTF2B/HASPIN/HECW2/HNRNPU/HORMAD1/KASH5/KIF11/KIF2A/KLHL22/KNL1/M1AP/MAD1L1/MAEL/MAJIN/MAPRE2/MAPRE3/MCMDC2/MIS12/MKI67/MLH1/MLH3/MMS19/MSH4/MSH5/MYBL2/NCAPD3/NCAPH/NDC1/NDEL1/NEK6/NSMCE2/NTMT1/NUMA1/NUP62/PLSCR1/PPP2R2D/PRC1/PRDM9/RAD18/RAN/RCC1/RHOA/RNF4/SEH1L/SIRT7/SKA1/SMARCA4/SMARCA5/SMARCB1/SMARCC1/SMARCD3/SMC4/SMC5/SMC6/SPATA22/SPDL1/SPICE1/SPO11/SRPK1/STAG2/STAG3/SYCP2/TENT4A/TLK1/TOP1/TUBB/TUBG1/TUBG2/TUBGCP3/TUBGCP4/TUBGCP5/TUBGCP6/UBE2I/UHRF1/WASHC5/ZCWPW1",118
"GO:0006302","double-strand break repair","97/2806","334/18860",0.290419161676647,1.95199764405615,7.33888042176891,1.84325996021124e-11,5.59613723920131e-08,5.05150242779995e-08,"ABRAXAS1/ACTB/AP5S1/APLF/ARID1B/ATM/BABAM2/BCL7A/BRME1/CDC45/CDC7/CSNK2A2/DDX11/DEK/DNA2/DPF2/DYRK1A/EPC1/EPC2/ERCC4/ERCC6/FAN1/FIGNL1/FUS/GEN1/H2AX/HMGA2/HSF1/HSF2BP/HTATSF1/INTS3/KASH5/KDM2A/LIG3/LIG4/MAGEF1/MAJIN/MBTD1/MCM2/MCM3/MCM4/MCMDC2/MLH1/MMS22L/MORF4L1/MRGBP/MRNIP/NABP2/NHEJ1/NSMCE2/OGG1/PARP2/PARP3/PIAS1/PIAS4/PML/POGZ/POLA1/PPP4R2/PPP5C/PRDM9/PRKDC/RAD51AP1/RBBP8/RECQL4/REV3L/RMI1/RNF126/RPA1/RTEL1/RUVBL1/SAMHD1/SENP3/SETMAR/SETX/SFR1/SHLD2/SMARCA4/SMARCB1/SMARCC1/SMARCD3/SMC5/SMC6/SMCHD1/SPIRE2/SPO11/TDP1/TDP2/TENT4A/TIMELESS/TWIST1/UBQLN4/UHRF1/XRCC2/YEATS4/YY1/ZCWPW1",97
"GO:0044772","mitotic cell cycle phase transition","118/2806","461/18860",0.255965292841649,1.72042246008321,6.54714759203943,8.75475422261741e-10,1.77196225465776e-06,1.59950895569014e-06,"ABRAXAS1/ACTB/ACVR1B/AKT1/ANAPC1/ANAPC11/ANLN/APC/ARID1B/ATM/BABAM2/BCL7A/BID/BRD4/BRSK1/BUB3/CACNB4/CALM3/CCNB1/CCND1/CCND3/CCNE2/CCNF/CCNH/CCNI/CCNJL/CDC14A/CDC14B/CDC25B/CDC25C/CDC34/CDC6/CDC7/CDC73/CDK1/CDK10/CDK2AP2/CDKN2A/CDKN2C/CENPF/CHFR/CHMP7/CKS2/CPSF3/CUL2/CUL3/DACT1/DDX3X/DNM2/DPF2/DTL/E2F1/E2F7/EIF4EBP1/EPS8/ERCC2/FBXL15/FBXO7/FHL1/FOXN3/FOXO4/FZR1/GEN1/HASPIN/HECW2/ID2/INHBA/INTS3/KDM8/KHDRBS1/KLF4/KLHL22/KNL1/MAD1L1/MARK3/MEPCE/MRNIP/MYB/NABP2/NAE1/NEK6/NFIB/NSMCE2/PABIR1/PIAS1/PKD2/PLK3/PPM1D/PPME1/PPP2R2D/PPP6C/PRKDC/PRMT2/RBBP8/RBL2/RBX1/RCC1/SENP2/SKA1/SMARCA4/SMARCB1/SMARCC1/SMARCD3/SMC5/SPAST/SPDL1/TAOK1/TAOK2/TCF3/TFDP1/TMEM14B/TMOD3/TPRA1/TRIM39/UBE2E2/USP38/WAC/ZFYVE19",118
"GO:0000280","nuclear division","116/2806","453/18860",0.2560706401766,1.72113053233453,6.49505769027807,1.18507934877363e-09,1.79895045143837e-06,1.62387057080639e-06,"ABRAXAS1/AKAP8/ANAPC11/ANLN/APC/ARHGEF10/ATM/BAG6/BCCIP/BMP7/BRME1/BROX/BUB3/CCDC86/CCNB1/CCNE2/CCSAP/CDC14A/CDC14B/CDC25B/CDC25C/CDC42/CDK1/CDT1/CENPF/CEP192/CHFR/CHMP2B/CHMP5/CHMP7/CKS2/CUL3/DAPK3/DMRT1/EHMT2/EML4/EPS8/ERCC4/FANCA/FBXW5/FIGNL1/FLNA/FZR1/GEN1/HASPIN/HFM1/HNRNPU/HORMAD1/HSF1/HSF2BP/ING2/KASH5/KIF11/KIF2A/KLHL22/KNL1/L3MBTL1/LIF/M1AP/MAD1L1/MAEL/MAJIN/MCMDC2/MEI1/MEIOSIN/MIS12/MKI67/MLH1/MLH3/MOV10L1/MSH4/MSH5/MYBL2/NCAPD3/NCAPH/NDC1/NDEL1/NFIB/NSMCE2/NUMA1/NUP62/PPP2R2D/PRC1/PRDM9/PSMA8/RAD51AP1/RAN/RANBP1/RCC1/RHOA/RMI1/SEH1L/SIRT7/SKA1/SLC25A31/SMARCA5/SMC4/SPAST/SPATA22/SPDL1/SPICE1/SPIRE2/SPO11/STAG2/STAG3/SYCP2/TENT4A/TOP6BL/TUBG1/TUBG2/UBB/UBE2I/UHRF1/WASHC5/WNT4/ZCWPW1",116
"GO:0098813","nuclear chromosome segregation","87/2806","323/18860",0.269349845201238,1.81038420545095,6.1416355071525,1.13842163210236e-08,1.3824992300251e-05,1.2479497764962e-05,"ABRAXAS1/ACTB/AKAP8/ANAPC1/ANAPC11/APC/ARHGEF10/ARID1B/ATM/BAG6/BCCIP/BCL7A/BUB3/CCNB1/CCNE2/CCSAP/CDC42/CDC6/CDK1/CDT1/CENPF/CEP192/CHFR/CHMP2B/CHMP5/CHMP7/CUL3/DPF2/DYNC1H1/EHMT2/EML4/FLNA/GEN1/HASPIN/HECW2/HNRNPU/HORMAD1/KASH5/KIF11/KIF2A/KLHL22/KNL1/M1AP/MAD1L1/MAEL/MAJIN/MCMDC2/MIS12/MLH1/MLH3/MSH4/MSH5/MYBL2/NCAPD3/NCAPH/NDC1/NEK6/NSMCE2/NUMA1/NUP62/PRC1/PRDM9/RAN/RCC1/RHOA/SEH1L/SIRT7/SKA1/SMARCA4/SMARCA5/SMARCB1/SMARCC1/SMARCD3/SMC4/SPATA22/SPDL1/SPICE1/SPO11/STAG2/STAG3/SYCP2/TENT4A/TUBG1/TUBG2/UHRF1/WASHC5/ZCWPW1",87
"GO:0000724","double-strand break repair via homologous recombination","58/2806","195/18860",0.297435897435897,1.99915931063472,5.8634008079357,8.13839273498905e-08,7.47867245478468e-05,6.7508230136717e-05,"ACTB/AP5S1/ATM/CDC45/CDC7/DYRK1A/EPC1/EPC2/ERCC4/ERCC6/FAN1/FIGNL1/FUS/GEN1/H2AX/HTATSF1/INTS3/KASH5/LIG3/MAGEF1/MBTD1/MCM2/MCM3/MCM4/MCMDC2/MMS22L/MORF4L1/MRGBP/MRNIP/NABP2/NSMCE2/PIAS1/PIAS4/POGZ/PPP4R2/PRKDC/RAD51AP1/RBBP8/RECQL4/REV3L/RMI1/RNF126/RPA1/RTEL1/RUVBL1/SAMHD1/SENP3/SFR1/SHLD2/SMC5/SMC6/SMCHD1/TIMELESS/UBQLN4/UHRF1/XRCC2/YEATS4/YY1",58
"GO:0051052","regulation of DNA metabolic process","118/2806","497/18860",0.237424547283702,1.59580433420193,5.6275786031854,8.62165796829591e-08,7.47867245478468e-05,6.7508230136717e-05,"ABRAXAS1/ACD/ACTB/AKT1/APLF/ARID1B/ATM/ATXN7L3/BABAM2/BCL7A/CAMSAP3/CCT5/CDC6/CDC7/CDK1/CDT1/CHRAC1/CHTF18/DDX11/DEK/DFFB/DHX9/DKC1/DNA2/DPF2/DYNLL1/E2F7/EHMT2/ENDOG/EPC1/EPC2/ERCC2/ERCC4/ERCC6/ESCO1/EXOSC6/FIGNL1/FUS/GMNN/H1-5/H2AX/HMGA2/HNRNPA1/HNRNPU/HSF1/ING5/INO80C/INO80E/KAT7/KCTD13/KLF4/LIG3/MAGEF1/MAP2K7/MBTD1/MCM2/MCM3/MCM4/MLH1/MORF4L1/MRGBP/MRNIP/NABP2/NAF1/NAT10/NSMCE2/OGG1/PARN/PARP3/PAXIP1/PIAS4/PKIB/PML/POLH/PPP4R2/PRDM9/PRKDC/PTGES3/PTK6/RAD51AP1/RFC3/RNF126/RTEL1/RUVBL1/SENP2/SENP3/SETMAR/SHLD2/SIRT7/SMARCA4/SMARCA5/SMARCB1/SMARCC1/SMARCD3/SMC5/SMC6/SMCHD1/SPIRE2/SUPT7L/SUV39H1/TADA2B/TAF5L/TAF6/TFDP1/TFRC/TIGAR/TIMELESS/TNKS2/TRIM28/TWIST1/UBQLN4/UPF1/USP1/WRNIP1/YEATS4/YLPM1/YY1/ZCWPW1",118
"GO:0000725","recombinational repair","59/2806","201/18860",0.293532338308458,1.97292227387652,5.79753697062782,1.05506826748685e-07,7.98341248725926e-05,7.206440056369e-05,"ACTB/AP5S1/ATM/CDC45/CDC7/CTBP1-DT/DYRK1A/EPC1/EPC2/ERCC4/ERCC6/FAN1/FIGNL1/FUS/GEN1/H2AX/HTATSF1/INTS3/KASH5/LIG3/MAGEF1/MBTD1/MCM2/MCM3/MCM4/MCMDC2/MMS22L/MORF4L1/MRGBP/MRNIP/NABP2/NSMCE2/PIAS1/PIAS4/POGZ/PPP4R2/PRKDC/RAD51AP1/RBBP8/RECQL4/REV3L/RMI1/RNF126/RPA1/RTEL1/RUVBL1/SAMHD1/SENP3/SFR1/SHLD2/SMC5/SMC6/SMCHD1/TIMELESS/UBQLN4/UHRF1/XRCC2/YEATS4/YY1",59
"GO:1901987","regulation of cell cycle phase transition","112/2806","468/18860",0.239316239316239,1.60851898556817,5.5730650760518,1.18331212755819e-07,7.98341248725926e-05,7.206440056369e-05,"ABRAXAS1/ACTB/AKT1/ANAPC11/ANLN/APBB2/APC/ARID1B/ATM/BABAM2/BCL7A/BID/BRD4/BRSK1/BUB3/CACNB4/CAMSAP3/CCNB1/CCND1/CCND3/CCNE2/CCNH/CDC14A/CDC14B/CDC25B/CDC25C/CDC45/CDC5L/CDC6/CDC7/CDC73/CDK1/CDK10/CDK16/CDK17/CDK2AP2/CDKN2A/CDKN2C/CDT1/CENPF/CEP63/CHFR/CLOCK/CPSF3/CUL3/DACT1/DDRGK1/DDX3X/DNA2/DPF2/DTL/E2F1/E2F7/ERCC2/ERCC6/FBXO7/FHL1/FOXN3/FOXO4/FZR1/GEN1/H2AX/HASPIN/HECW2/HORMAD1/ID2/INHBA/INTS3/INTS7/KLF4/KLHL22/KNL1/MAD1L1/MARK3/MEPCE/MRNIP/NABP2/NAE1/NEK6/NPM1/NSMCE2/PABIR1/PAXIP1/PKD2/PLK3/PRKDC/PRMT2/RAD9A/RASSF1/RBBP8/RBL2/SENP2/SETMAR/SKA1/SMARCA4/SMARCB1/SMARCC1/SMARCD3/SPDL1/TAOK1/TAOK2/TCF3/TELO2/TFDP1/TIMELESS/TMEM14B/TMOD3/TPRA1/TRIM39/UBE2E2/WAC/ZFYVE19",112
"GO:1901990","regulation of mitotic cell cycle phase transition","90/2806","357/18860",0.252100840336134,1.69444827111172,5.53814687048064,1.81073123715786e-07,0.000107757617610108,9.72702855030568e-05,"ABRAXAS1/ACTB/AKT1/ANAPC11/ANLN/APC/ARID1B/ATM/BABAM2/BCL7A/BID/BRD4/BRSK1/BUB3/CACNB4/CCNB1/CCND1/CCND3/CCNE2/CCNH/CDC14A/CDC14B/CDC25B/CDC25C/CDC6/CDC7/CDC73/CDK1/CDK10/CDK2AP2/CDKN2A/CDKN2C/CENPF/CHFR/CPSF3/CUL3/DACT1/DDX3X/DPF2/DTL/E2F1/E2F7/ERCC2/FBXO7/FHL1/FOXN3/FOXO4/FZR1/GEN1/HASPIN/HECW2/ID2/INHBA/INTS3/KLF4/KLHL22/KNL1/MAD1L1/MARK3/MEPCE/MRNIP/NABP2/NAE1/NEK6/NSMCE2/PABIR1/PKD2/PLK3/PRKDC/PRMT2/RBBP8/RBL2/SENP2/SKA1/SMARCA4/SMARCB1/SMARCC1/SMARCD3/SPDL1/TAOK1/TAOK2/TCF3/TFDP1/TMEM14B/TMOD3/TPRA1/TRIM39/UBE2E2/WAC/ZFYVE19",90
"GO:0007051","spindle organization","60/2806","209/18860",0.287081339712919,1.92956310298847,5.64953226516892,1.95213075380631e-07,0.000107757617610108,9.72702855030568e-05,"ABRAXAS1/AFG2B/ARHGEF10/BCCIP/CCNB1/CCSAP/CEP120/CEP192/CEP63/CEP72/CHD3/CHMP2B/CHMP5/CHMP7/DCTN1/DYNC1H1/EFHC1/EML1/FLNA/FSD1/GNAI1/GPSM2/GTF2B/HNRNPU/INTS13/KASH5/KIF11/KIF2A/MAPRE2/MAPRE3/MLH1/MYBL2/NEK6/NTMT1/NUMA1/NUP62/PARP3/PCNT/PLK3/PRC1/PTPA/RAE1/RAN/RCC1/RHOA/RNF4/SKA1/SPAST/SPICE1/STAG2/TACC1/TUBB/TUBG1/TUBG2/TUBGCP3/TUBGCP4/TUBGCP5/TUBGCP6/UHRF1/WASHC5",60
"GO:0051054","positive regulation of DNA metabolic process","75/2806","283/18860",0.265017667844523,1.78126629206974,5.53625452761674,2.31538050270042e-07,0.000117158253436641,0.000105756019978606,"ABRAXAS1/ACD/ACTB/AKT1/ARID1B/ATM/BABAM2/BCL7A/CCT5/CDC7/CDK1/CDT1/CHTF18/DDX11/DHX9/DKC1/DNA2/DPF2/E2F7/ENDOG/EPC1/EPC2/ERCC2/ERCC6/EXOSC6/FUS/H2AX/HNRNPA1/HSF1/INO80C/INO80E/KAT7/KCTD13/KLF4/MAP2K7/MBTD1/MLH1/MORF4L1/MRGBP/MRNIP/NABP2/NAF1/PARN/PARP3/PAXIP1/PIAS4/PKIB/PML/PRDM9/PRKDC/PTGES3/PTK6/RAD51AP1/RFC3/RNF126/RTEL1/RUVBL1/SETMAR/SHLD2/SMARCA4/SMARCA5/SMARCB1/SMARCC1/SMARCD3/SMCHD1/SPIRE2/TFRC/TIGAR/TIMELESS/TNKS2/TRIM28/USP1/YEATS4/YY1/ZCWPW1",75
"GO:0006310","DNA recombination","89/2806","358/18860",0.248603351955307,1.67094056232256,5.35830903680536,4.08694565702466e-07,0.000186816376347585,0.000168634781159745,"ACTB/AP5S1/APEX2/APLF/ATM/BRME1/CDC45/CDC7/CTBP1-DT/DYRK1A/ENDOG/EPC1/EPC2/ERCC2/ERCC4/ERCC6/EXOSC6/FAN1/FIGNL1/FUS/GEN1/H1-5/H2AX/HFM1/HSF2BP/HTATSF1/INO80C/INO80E/INTS3/KASH5/LIG3/LIG4/MAGEF1/MAJIN/MBTD1/MCM2/MCM3/MCM4/MCMDC2/MLH1/MLH3/MMS22L/MORF4L1/MRGBP/MRNIP/MSH4/MSH5/NABP2/NFKBIZ/NHEJ1/NSMCE2/PARP3/PAXIP1/PGBD5/PIAS1/PIAS4/POGZ/PPP4R2/PRDM9/PRKDC/RAD51AP1/RBBP8/RECQL4/REV3L/RMI1/RNF126/RPA1/RTEL1/RUVBL1/SAMHD1/SANBR/SENP3/SETX/SFR1/SHLD2/SMC5/SMC6/SMCHD1/SPO11/TCF3/TFRC/TIMELESS/TOP6BL/UBQLN4/UHRF1/XRCC2/YEATS4/YY1/ZCWPW1",89
"GO:0008380","RNA splicing","114/2806","490/18860",0.23265306122449,1.56373369019739,5.28602224358661,4.30736045597198e-07,0.000186816376347585,0.000168634781159745,"ACIN1/AKAP17A/ARMC7/ATXN7L3/CDC5L/CIRBP/CLASRP/COIL/CRIPT/DAZAP1/DCPS/DDX39A/DDX39B/DDX42/DHX8/DHX9/DNAJC17/DYRK1A/ERN1/ESRP2/FAM98A/FMR1/FUS/GEMIN2/GEMIN4/HNRNPA1/HNRNPA3/HNRNPF/HNRNPH1/HNRNPH2/HNRNPH3/HNRNPL/HNRNPM/HNRNPR/HNRNPU/HNRNPUL2/HTATSF1/ILF3/IWS1/KHDRBS1/KHDRBS3/KHSRP/LARP7/LSM2/LSM8/LUC7L/MBNL1/MPHOSPH10/NCL/NPM1/PABPC1/PAXBP1/PDCD7/PPP4R2/PRPF40A/PRPF6/PRPF8/PTBP1/PTBP2/PUS7/QKI/RBFOX1/RBM14/RBM17/RBM42/RBMX/RBMX2/RRP1B/SAP18/SART1/SCAF1/SETX/SF1/SF3A2/SNRNP25/SNRNP70/SNRPD2/SNRPN/SREK1/SRPK1/SRPK2/SRRM2/SRSF10/SRSF4/SRSF5/SRSF6/STRAP/SUGP2/SUPT7L/SYNCRIP/TADA2B/TAF12-DT/TAF5L/THOC6/TMBIM6/TRA2A/TSEN15/TSEN2/TSEN34/TSEN54/TSSC4/TXNL4B/U2AF2/UBL5/UPF1/USP39/USP49/YBX1/YJU2B/YTHDC1/ZC3H14/ZMAT2/ZNF638/ZRSR2",114
"GO:0000075","cell cycle checkpoint signaling","54/2806","187/18860",0.288770053475936,1.94091347418252,5.40598674806544,6.37330796104449e-07,0.000257991506263081,0.000232882909144973,"ABRAXAS1/APC/ATM/BABAM2/BRD4/BRSK1/BUB3/CAMSAP3/CCNB1/CCND1/CDC14B/CDC45/CDC5L/CDC6/CDK1/CDT1/CENPF/CEP63/CHFR/CLOCK/DNA2/DTL/E2F1/ERCC6/FOXN3/FOXO4/FZR1/GEN1/H2AX/HASPIN/HORMAD1/INTS3/INTS7/KLHL22/KNL1/MAD1L1/MRNIP/NABP2/NAE1/PABIR1/PLK3/PRKDC/RAD9A/RBBP8/SETMAR/SKA1/SPDL1/TAOK1/TAOK2/TELO2/TIMELESS/TRIM39/WAC/ZFYVE19",54
"GO:0045786","negative regulation of cell cycle","96/2806","399/18860",0.240601503759398,1.61715764821891,5.20914547884332,7.21885607299846e-07,0.000273955587970292,0.000247293312974362,"ABRAXAS1/APBB2/APC/ATM/BABAM2/BMP2/BMP7/BRD4/BRSK1/BUB3/CACNB4/CAMSAP3/CCNB1/CCND1/CCNF/CDC14B/CDC45/CDC5L/CDC6/CDC73/CDK1/CDK2AP2/CDKN2A/CDT1/CEBPA/CENPF/CEP63/CHFR/CLOCK/DACT1/DMRT1/DNA2/DTL/E2F1/E2F7/ERCC6/FBXO7/FHL1/FOXC1/FOXN3/FOXO4/FZD3/FZR1/GEN1/GMNN/H2AX/HASPIN/HORMAD1/HOXD10/HPGD/INHBA/INTS3/INTS7/IPO5/KLF4/KLHL22/KNL1/LIF/MAD1L1/MDM1/MRNIP/NABP2/NAE1/NPM1/NUBP1/NUPR2/PABIR1/PKD2/PLK3/PML/PRKDC/PRMT2/RAD9A/RBBP8/RBL2/RBM14/RNF167/RUNX3/SETMAR/SKA1/SMARCA5/SPDL1/SUV39H1/TAF6/TAOK1/TAOK2/TELO2/THAP5/TIMELESS/TP53I13/TPRA1/TRIM37/TRIM39/WAC/ZFYVE19/ZNHIT1",96
"GO:0000819","sister chromatid segregation","63/2806","233/18860",0.270386266094421,1.81735031309365,5.24839207247105,9.91985458772015e-07,0.00035431386503904,0.000319830853487671,"ABRAXAS1/ACTB/AKAP8/ANAPC1/ANAPC11/APC/ARHGEF10/ARID1B/ATM/BCCIP/BCL7A/BUB3/CCNB1/CCSAP/CDC6/CDK1/CDT1/CENPF/CEP192/CHFR/CHMP2B/CHMP5/CHMP7/CUL3/DPF2/EML4/FLNA/GEN1/HASPIN/HECW2/HNRNPU/KIF11/KIF2A/KLHL22/KNL1/MAD1L1/MIS12/MYBL2/NCAPD3/NCAPH/NEK6/NSMCE2/NUMA1/NUP62/PRC1/RAN/RCC1/RHOA/SEH1L/SKA1/SMARCA4/SMARCA5/SMARCB1/SMARCC1/SMARCD3/SMC4/SPDL1/SPICE1/STAG2/TENT4A/TUBG1/TUBG2/UHRF1",63
"GO:0033044","regulation of chromosome organization","65/2806","244/18860",0.266393442622951,1.79051330287557,5.19603951337488,1.18469755206934e-06,0.00039963797423139,0.000360743868633044,"ACD/ACTB/ANAPC1/ANAPC11/APC/ARID1B/ATM/BCL7A/BUB3/CCNB1/CCT5/CDC6/CDK1/CENPF/CHFR/CUL3/DDX11/DKC1/DPF2/ERCC4/GEN1/HASPIN/HECW2/HNRNPA1/HNRNPU/INO80C/INO80E/KLF4/KLHL22/KNL1/LIG4/MAD1L1/MAP2K7/MAPT/NABP2/NAF1/NAT10/NCAPD3/NCAPH/NEK6/NSMCE2/NUMA1/PARN/PARP3/PKIB/PML/PTGES3/RNF4/RTEL1/RUVBL1/SETMAR/SKA1/SMARCA4/SMARCA5/SMARCB1/SMARCC1/SMARCD3/SMC4/SMC5/SMC6/SPDL1/TNKS2/UPF1/YLPM1/YY1",65
"GO:0018193","peptidyl-amino acid modification","96/2806","404/18860",0.237623762376238,1.59714332088947,5.07238261187812,1.30106720149526e-06,0.000415793686709434,0.000375327253085088,"ABI2/ACVR1B/AKT1/ANTKMT/ARAF/ARL2BP/ATM/BAG6/BRAF/BRSK1/CDK1/CDK10/CDK5R1/CDKN2A/CEP41/CLIP3/CNOT9/DDR1/DIP2A/DYRK1A/EEF1AKMT1/EFEMP1/EGLN2/EGR1/EHMT1/EHMT2/EPHB2/ERCC6/ERRFI1/ESCO1/FLT4/GADD45A/GOLGA7/HINT1/IGF1R/JAK2/JAK3/KAT7/KIT/LIF/LIPT2/LOXL3/MORC3/NEK6/NMT2/NNAT/NOS2/NRG1/NSMCE2/NTMT1/P4HB/PARD3/PDCL3/PFN2/PIAS1/PIAS4/PLOD3/PML/PPIA/PRKCE/PRKDC/PRKX/PTK2/PTK6/PTPN2/QPCTL/RANBP2/RASSF2/RELA/RIPK2/SAE1/SENP2/SENP3/SETD3/SETD6/SIRT5/SMC5/SMC6/SNX6/SOCS4/SRCIN1/SRPK2/TBK1/TNK2/TOP1/TPST2/TRIM27/TRIM28/TTLL4/UBA2/UBE2I/UBE2K/UHRF2/VKORC1L1/WNK3/ZDHHC14",96
"GO:0000375","RNA splicing, via transesterification reactions","85/2806","348/18860",0.244252873563218,1.64169964198229,5.05133629050869,1.60522369225534e-06,0.00048734591296872,0.00043991577713545,"ACIN1/CDC5L/CIRBP/COIL/DAZAP1/DCPS/DDX39A/DDX39B/DDX42/DHX8/DHX9/DNAJC17/DYRK1A/ESRP2/FMR1/GEMIN2/GEMIN4/HNRNPA1/HNRNPA3/HNRNPF/HNRNPH1/HNRNPH3/HNRNPL/HNRNPM/HNRNPR/HNRNPU/HNRNPUL2/HTATSF1/ILF3/KHDRBS1/KHDRBS3/KHSRP/LARP7/LSM2/LSM8/LUC7L/MPHOSPH10/NCL/NPM1/PABPC1/PAXBP1/PRPF40A/PRPF6/PRPF8/PTBP1/PTBP2/QKI/RBFOX1/RBM14/RBM17/RBM42/RBMX/RBMX2/SAP18/SART1/SETX/SF1/SF3A2/SNRNP25/SNRNP70/SNRPD2/SNRPN/SRPK1/SRPK2/SRRM2/SRSF10/SRSF4/SRSF5/SRSF6/STRAP/SYNCRIP/TAF12-DT/TRA2A/TSSC4/TXNL4B/U2AF2/UBL5/UPF1/USP39/USP49/YJU2B/YTHDC1/ZC3H14/ZMAT2/ZRSR2",85
"GO:0010948","negative regulation of cell cycle process","79/2806","318/18860",0.248427672955975,1.66975976904836,5.03576972819267,1.84636541205459e-06,0.000533863370571213,0.000481906000028484,"ABRAXAS1/APBB2/APC/ATM/BABAM2/BMP7/BRD4/BRSK1/BUB3/CACNB4/CAMSAP3/CCNB1/CCND1/CCNF/CDC14B/CDC45/CDC5L/CDC6/CDC73/CDK1/CDK2AP2/CDT1/CENPF/CEP63/CHFR/CLOCK/DACT1/DMRT1/DNA2/DTL/E2F1/E2F7/ERCC6/FBXO7/FHL1/FOXN3/FOXO4/FZR1/GEN1/H2AX/HASPIN/HORMAD1/INHBA/INTS3/INTS7/KLF4/KLHL22/KNL1/LIF/MAD1L1/MDM1/MRNIP/NABP2/NAE1/NPM1/NUBP1/PABIR1/PKD2/PLK3/PRKDC/PRMT2/RAD9A/RBBP8/RBL2/RBM14/SETMAR/SKA1/SMARCA5/SPDL1/TAOK1/TAOK2/TELO2/TIMELESS/TPRA1/TRIM37/TRIM39/WAC/ZFYVE19/ZNHIT1",79
"GO:0007052","mitotic spindle organization","42/2806","137/18860",0.306569343065693,2.0605480435563,5.20852132181553,2.01200837543784e-06,0.000555314311620845,0.000501269263679658,"ABRAXAS1/AFG2B/ARHGEF10/BCCIP/CCNB1/CCSAP/CEP192/CHMP2B/CHMP5/CHMP7/DCTN1/DYNC1H1/EFHC1/EML1/FLNA/FSD1/GNAI1/GPSM2/HNRNPU/INTS13/KIF11/KIF2A/MYBL2/NEK6/NUMA1/NUP62/PARP3/PCNT/PLK3/PRC1/PTPA/RAE1/RAN/RCC1/RHOA/SPAST/SPICE1/STAG2/TACC1/TUBG1/TUBG2/UHRF1",42
"GO:0140694","membraneless organelle assembly","103/2806","446/18860",0.230941704035874,1.55223112548702,4.93430255463296,2.18873130891327e-06,0.000577825065553103,0.000521589195675579,"ABRAXAS1/ACTG1/AGO2/AKAP13/ALKBH5/ANLN/ARHGEF10/ARHGEF5/ATXN2/ATXN2L/BCCIP/BOP1/C2CD3/CAPRIN1/CCSAP/CDS2/CENPA/CENPF/CEP120/CEP192/CEP295/CEP44/CEP63/CEP72/CHMP2B/CHMP5/CHMP7/CIRBP/CNOT6L/CNTROB/DAZAP2/DDX3X/DEUP1/DHX37/DYNC1H1/EIF2A/EIF2S1/EIF4ENIF1/EIF5B/FASTKD2/FLNA/FMR1/FUS/GPSM2/GTF2B/HNRNPU/HSF1/KASH5/KIF11/KIF2A/LIAT1/LSM14B/MAPRE2/MAPRE3/MAPT/MDM1/MEF2A/MIS12/MLH1/MTG1/MYBL2/MYH10/NEK6/NPM1/NUMA1/NUP62/PAN2/PAN3/PLA2G4C/PLEC/PLK4/PLS1/POGZ/PRC1/PRKDC/PSPC1/PWP2/QKI/RBM14/RCC1/RCC1L/RHOA/RNF4/RPL5/RPS15/RPSA2/SIX4/SKA1/SMAD4/SPICE1/STAG2/TMOD3/TRIM37/TUBB/TUBGCP3/TUBGCP4/TUBGCP5/TUBGCP6/UHRF1/USP10/WASHC5/WNK3/YTHDF2",103
"GO:0051983","regulation of chromosome segregation","41/2806","134/18860",0.305970149253731,2.05652067531196,5.13120569061369,2.79989681853045e-06,0.000708373895088204,0.000639432576056493,"ACTB/ANAPC1/ANAPC11/APC/ARID1B/ATM/BCL7A/BUB3/CCNB1/CDC6/CDK1/CENPF/CHFR/CSNK2A2/CUL3/DPF2/GEN1/HASPIN/HECW2/HNRNPU/HORMAD1/KLHL22/KNL1/MAD1L1/NCAPD3/NCAPH/NEK6/NSMCE2/NUMA1/PLSCR1/PPP2R2D/RAD18/SKA1/SMARCA4/SMARCB1/SMARCC1/SMARCD3/SMC4/SMC5/SMC6/SPDL1",41
"GO:0006282","regulation of DNA repair","62/2806","236/18860",0.26271186440678,1.7657682689636,4.94912497656482,3.39649669046204e-06,0.00076830304173119,0.000693529217511668,"ABRAXAS1/ACTB/ARID1B/ATM/ATXN7L3/BABAM2/BCL7A/DDX11/DEK/DHX9/DPF2/EPC1/EPC2/ERCC6/FIGNL1/FUS/H2AX/HMGA2/HSF1/INO80C/INO80E/KAT7/MAGEF1/MBTD1/MORF4L1/MRGBP/MRNIP/OGG1/PARP3/PIAS4/PML/POLH/PPP4R2/PRKDC/RAD51AP1/RNF126/RTEL1/RUVBL1/SENP3/SETMAR/SHLD2/SIRT7/SMARCA4/SMARCB1/SMARCC1/SMARCD3/SMCHD1/SPIRE2/SUPT7L/SUV39H1/TADA2B/TAF5L/TAF6/TIGAR/TIMELESS/TRIM28/TWIST1/UBQLN4/USP1/YEATS4/YY1/ZCWPW1",62
"GO:0010586","miRNA metabolic process","35/2806","108/18860",0.324074074074074,2.17820279295689,5.13357206195969,3.48912585395429e-06,0.00076830304173119,0.000693529217511668,"AGO1/AGO2/BMP2/BMPR1A/DICER1/EGR1/ELOB/FOXA1/FOXO3/GATA2/HRAS/KHSRP/KLF4/MRTFB/MYB/NCOR2/NFATC3/NFIB/NR1H2/PARN/PAX6/POU2F1/PPARA/PPARG/QKI/RELA/SMAD4/SMAD6/SMARCA4/SREBF2/TEAD1/TENT2/TWIST1/YY1/ZNF512B",35
"GO:0000377","RNA splicing, via transesterification reactions with bulged adenosine as nucleophile","83/2806","344/18860",0.241279069767442,1.62171178040412,4.8652623766422,3.54289940192248e-06,0.00076830304173119,0.000693529217511668,"ACIN1/CDC5L/CIRBP/COIL/DAZAP1/DCPS/DDX39A/DDX39B/DDX42/DHX8/DHX9/DNAJC17/DYRK1A/ESRP2/FMR1/GEMIN2/GEMIN4/HNRNPA1/HNRNPA3/HNRNPF/HNRNPH1/HNRNPH3/HNRNPL/HNRNPM/HNRNPR/HNRNPU/HNRNPUL2/HTATSF1/ILF3/KHDRBS1/KHDRBS3/LARP7/LSM2/LSM8/LUC7L/NCL/NPM1/PABPC1/PAXBP1/PRPF40A/PRPF6/PRPF8/PTBP1/PTBP2/QKI/RBFOX1/RBM14/RBM17/RBM42/RBMX/RBMX2/SAP18/SART1/SETX/SF1/SF3A2/SNRNP25/SNRNP70/SNRPD2/SNRPN/SRPK1/SRPK2/SRRM2/SRSF10/SRSF4/SRSF5/SRSF6/STRAP/SYNCRIP/TAF12-DT/TRA2A/TSSC4/TXNL4B/U2AF2/UBL5/UPF1/USP39/USP49/YJU2B/YTHDC1/ZC3H14/ZMAT2/ZRSR2",83
"GO:0000398","mRNA splicing, via spliceosome","83/2806","344/18860",0.241279069767442,1.62171178040412,4.8652623766422,3.54289940192248e-06,0.00076830304173119,0.000693529217511668,"ACIN1/CDC5L/CIRBP/COIL/DAZAP1/DCPS/DDX39A/DDX39B/DDX42/DHX8/DHX9/DNAJC17/DYRK1A/ESRP2/FMR1/GEMIN2/GEMIN4/HNRNPA1/HNRNPA3/HNRNPF/HNRNPH1/HNRNPH3/HNRNPL/HNRNPM/HNRNPR/HNRNPU/HNRNPUL2/HTATSF1/ILF3/KHDRBS1/KHDRBS3/LARP7/LSM2/LSM8/LUC7L/NCL/NPM1/PABPC1/PAXBP1/PRPF40A/PRPF6/PRPF8/PTBP1/PTBP2/QKI/RBFOX1/RBM14/RBM17/RBM42/RBMX/RBMX2/SAP18/SART1/SETX/SF1/SF3A2/SNRNP25/SNRNP70/SNRPD2/SNRPN/SRPK1/SRPK2/SRRM2/SRSF10/SRSF4/SRSF5/SRSF6/STRAP/SYNCRIP/TAF12-DT/TRA2A/TSSC4/TXNL4B/U2AF2/UBL5/UPF1/USP39/USP49/YJU2B/YTHDC1/ZC3H14/ZMAT2/ZRSR2",83
"GO:0007098","centrosome cycle","44/2806","150/18860",0.293333333333333,1.97158469945355,4.99460257761489,4.27702528381015e-06,0.000895520604251559,0.000808365540936459,"ARHGEF10/BNIP2/BRSK1/C2CD3/CCDC102B/CCNF/CDK1/CEP120/CEP192/CEP250/CEP295/CEP44/CEP63/CEP72/CHD3/CHMP2B/CHMP5/CNTLN/CNTROB/DCTN1/DEUP1/DNM2/FBXW5/GADD45A/GEN1/KIF11/MDM1/NAT10/NDEL1/NPM1/NUBP1/NUP62/PARD6B/PDCD6IP/PKD2/PLK4/PPP1R12A/RANBP1/RBM14/SPICE1/SSX2IP/TRIM37/UXT/XRCC2",44
"GO:2000779","regulation of double-strand break repair","44/2806","151/18860",0.291390728476821,1.95852784713929,4.94401130280939,5.17671418588947e-06,0.00101407064871635,0.000915377898180787,"ACTB/ARID1B/ATM/BCL7A/DDX11/DEK/DPF2/EPC1/EPC2/ERCC6/FIGNL1/FUS/H2AX/HMGA2/HSF1/MAGEF1/MBTD1/MORF4L1/MRGBP/MRNIP/OGG1/PARP3/PIAS4/PML/PPP4R2/PRKDC/RAD51AP1/RNF126/RTEL1/RUVBL1/SENP3/SETMAR/SHLD2/SMARCA4/SMARCB1/SMARCC1/SMARCD3/SMCHD1/SPIRE2/TIMELESS/TWIST1/UBQLN4/YEATS4/ZCWPW1",44
"GO:1902850","microtubule cytoskeleton organization involved in mitosis","48/2806","170/18860",0.282352941176471,1.89778206364513,4.91589127346848,5.17723816044252e-06,0.00101407064871635,0.000915377898180787,"ABRAXAS1/AFG2B/ARHGEF10/BCCIP/CCNB1/CCSAP/CDK1/CENPA/CEP192/CHMP2B/CHMP5/CHMP7/DCTN1/DYNC1H1/EFHC1/EML1/FLNA/FSD1/GNAI1/GPSM2/HNRNPU/INTS13/KIF11/KIF2A/MYBL2/NDEL1/NEK6/NUMA1/NUP62/PAFAH1B1/PARP3/PAX6/PCNT/PLK3/PRC1/PTPA/RAE1/RAN/RCC1/RHOA/SPAST/SPDL1/SPICE1/STAG2/TACC1/TUBG1/TUBG2/UHRF1",48
"GO:0000956","nuclear-transcribed mRNA catabolic process","39/2806","128/18860",0.3046875,2.04789959016393,4.973293787228,5.42143625314433e-06,0.00102871752903414,0.000928599295069821,"AGO1/AGO2/ATM/CAPRIN1/CNOT4/CNOT6L/CNOT8/CNOT9/CTIF/DCPS/DHX34/DHX9/EIF4ENIF1/EXOSC2/EXOSC6/EXOSC8/FMR1/HBS1L/HNRNPAB/HNRNPU/MLH1/NBAS/PABPC1/PAN2/PAN3/PARN/PNRC1/POLR2G/SKIC2/SKIC3/SMG7/SMG9/SYNCRIP/TENT2/TENT4A/TNRC6B/TNRC6C/UPF1/YBX1",39
"GO:0022011","myelination in peripheral nervous system","15/2806","30/18860",0.5,3.36065573770492,5.40978068191712,6.24946880954019e-06,0.00106165223207922,0.000958328682552618,"AKT1/AKT2/ARHGEF10/CNTNAP1/DAG1/DICER1/NDRG1/NF1/NTRK2/PALS1/PARD3/PLEC/POU3F1/PPP3R1/SKI",15
"GO:0032292","peripheral nervous system axon ensheathment","15/2806","30/18860",0.5,3.36065573770492,5.40978068191712,6.24946880954019e-06,0.00106165223207922,0.000958328682552618,"AKT1/AKT2/ARHGEF10/CNTNAP1/DAG1/DICER1/NDRG1/NF1/NTRK2/PALS1/PARD3/PLEC/POU3F1/PPP3R1/SKI",15
"GO:0001701","in utero embryonic development","98/2806","429/18860",0.228438228438228,1.53540448622416,4.6897288847593,6.25861206521007e-06,0.00106165223207922,0.000958328682552618,"ACVR1B/AKAP3/AKT1/ARMC5/ASCL2/B9D1/BMP2/BMP7/BMPR1A/BNIP2/BRK1/BTF3/BYSL/C2CD3/CAMSAP3/CCN1/CCNB1/CEBPA/CHD7/CMIP/CMTM3/CTR9/CUL3/DNAJB6/E2F7/ENDOG/ERCC2/FKRP/FOXC1/FUT8/GATA2/GLI3/GNA13/GPI/GSE1/HEY2/HM13/HORMAD1/HS6ST1/HSF1/IWS1/JAG2/KDM4C/KDM8/KLF4/LIF/LIG4/MAFF/MATR3/MBD3/MBNL1/MDFI/MGAT1/MIB1/MYB/MYH10/NCKAP1/NCOA1/NDEL1/NOTCH1/NR2F2/PKD2/PLK4/PLOD3/PPP4R4/PRICKLE2/PTCH1/PTPN18/RBBP8/RIC8A/RPA1/RSPO3/RTF1/SCO2/SEC24C/SEC24D/SENP2/SMAD2/SMAD4/SMARCB1/SMG9/SP3/SPINT2/SUV39H1/TAB1/TAF8/TEAD4/TENT5C/TRIM28/TTLL4/TWIST1/UNK/VASH1/VASH2/WDTC1/XRCC2/YBX1/YTHDC1",98
"GO:0140014","mitotic nuclear division","70/2806","281/18860",0.249110320284698,1.67434805437256,4.76143254069177,6.2943808226041e-06,0.00106165223207922,0.000958328682552618,"ABRAXAS1/AKAP8/ANAPC11/ANLN/APC/ARHGEF10/ATM/BCCIP/BMP7/BROX/BUB3/CCDC86/CCNB1/CCSAP/CDC14A/CDC14B/CDC25C/CDC42/CDK1/CDT1/CENPF/CEP192/CHMP2B/CHMP5/CHMP7/CUL3/DAPK3/DMRT1/EML4/EPS8/FBXW5/FLNA/GEN1/HASPIN/HNRNPU/KIF11/KIF2A/KLHL22/KNL1/L3MBTL1/MAD1L1/MIS12/MKI67/MYBL2/NCAPD3/NCAPH/NDEL1/NFIB/NSMCE2/NUMA1/NUP62/PPP2R2D/PRC1/RAN/RANBP1/RCC1/RHOA/SEH1L/SKA1/SMARCA5/SMC4/SPAST/SPDL1/SPICE1/STAG2/TENT4A/TUBG1/TUBG2/UBE2I/UHRF1",70
"GO:0000082","G1/S transition of mitotic cell cycle","63/2806","246/18860",0.25609756097561,1.72131147540984,4.76082342905621,6.98519451468571e-06,0.00112276672513728,0.00101349530854133,"ACTB/ACVR1B/AKT1/APC/ARID1B/BCL7A/BID/CACNB4/CCNB1/CCND1/CCND3/CCNE2/CCNF/CCNH/CCNI/CCNJL/CDC34/CDC6/CDC7/CDC73/CDK1/CDK10/CDK2AP2/CDKN2A/CDKN2C/CPSF3/CUL2/CUL3/DACT1/DDX3X/DPF2/E2F1/E2F7/EIF4EBP1/FBXO7/FHL1/ID2/INHBA/KHDRBS1/KLF4/MEPCE/MYB/PIAS1/PKD2/PLK3/PPP6C/PRKDC/PRMT2/RBBP8/RBL2/RBX1/RCC1/SENP2/SMARCA4/SMARCB1/SMARCC1/SMARCD3/TCF3/TFDP1/TMEM14B/UBE2E2/USP38/WAC",63
"GO:0007422","peripheral nervous system development","30/2806","89/18860",0.337078651685393,2.26561060968871,5.00337367998986,7.02653747615557e-06,0.00112276672513728,0.00101349530854133,"ADGRB2/AKT1/AKT2/ARHGEF10/CDK1/CLDN1/CNTNAP1/DAG1/DICER1/EGR3/GSTM3/HOXD10/HRAS/NDRG1/NF1/NGF/NRG1/NTRK2/PALS1/PARD3/PLEC/PLXNA4/PMP22/POU3F1/PPP3R1/RELA/RUNX3/SCN8A/SKI/SOS1",30
"GO:0051321","meiotic cell cycle","73/2806","299/18860",0.244147157190635,1.64098908931411,4.67086247265185,8.62986208196927e-06,0.00134360314260814,0.00121283918652669,"ANAPC1/ANAPC10/ANAPC11/ATM/BAG6/BRME1/BUB3/CCNE2/CDC25B/CDC25C/CHFR/CKS2/DMRT1/EHMT2/ERCC4/FANCA/FIGNL1/FZR1/H2AX/HFM1/HORMAD1/HSF1/HSF2BP/ING2/KASH5/KNL1/LIF/LSM14B/M1AP/MAEL/MAJIN/MCMDC2/MEI1/MEIOSIN/MLH1/MLH3/MOV10L1/MSH4/MSH5/NCAPD3/NCAPH/NDC1/NUMA1/PRDM9/PSMA8/RAD51AP1/RBBP8/RMI1/RPA1/SIRT7/SKA1/SLC25A31/SMC4/SPATA22/SPIN1/SPIRE2/SPO11/STAG2/STAG3/SYCP2/TOP6BL/TUBG1/TUBG2/TUBGCP3/TUBGCP4/TUBGCP5/TUBGCP6/UBB/WASHC5/WNT4/XRCC2/YTHDF2/ZCWPW1",73
"GO:1901988","negative regulation of cell cycle phase transition","68/2806","274/18860",0.248175182481752,1.66806270192653,4.65705186849116,9.70045981918319e-06,0.00146953313589404,0.00132651325126556,"ABRAXAS1/APBB2/APC/ATM/BABAM2/BRD4/BRSK1/BUB3/CACNB4/CAMSAP3/CCNB1/CCND1/CDC14B/CDC45/CDC5L/CDC6/CDC73/CDK1/CDK2AP2/CDT1/CENPF/CEP63/CHFR/CLOCK/DACT1/DNA2/DTL/E2F1/E2F7/ERCC6/FBXO7/FHL1/FOXN3/FOXO4/FZR1/GEN1/H2AX/HASPIN/HORMAD1/INHBA/INTS3/INTS7/KLF4/KLHL22/KNL1/MAD1L1/MRNIP/NABP2/NAE1/PABIR1/PKD2/PLK3/PRKDC/PRMT2/RAD9A/RBBP8/RBL2/SETMAR/SKA1/SPDL1/TAOK1/TAOK2/TELO2/TIMELESS/TPRA1/TRIM39/WAC/ZFYVE19",68
"GO:0031122","cytoplasmic microtubule organization","24/2806","65/18860",0.369230769230769,2.48171500630517,5.00278370811367,9.92273691891563e-06,0.00146953313589404,0.00132651325126556,"CEP120/CLIP3/CLIP4/CRIPT/DYNC1H1/FSD1/HOOK1/HOOK3/KANK1/KATNA1/MAPT/NUMA1/PAFAH1B1/PLK3/PPFIBP1/RHOA/SLK/TBCB/TUBG1/TUBG2/TUBGCP3/TUBGCP4/TUBGCP5/TUBGCP6",24
"GO:0006260","DNA replication","71/2806","290/18860",0.244827586206897,1.6455624646693,4.63172592036643,1.02913486731913e-05,0.00148783497960994,0.00134303389827837,"ADRA2A/ATM/CAMSAP3/CCNE2/CDC34/CDC45/CDC6/CDC7/CDK1/CDK2AP1/CDT1/CHRAC1/CHTF18/DDX11/DHX9/DNA2/DNAJA3/DTL/DYNLL1/E2F7/EHMT2/ENDOG/ESCO1/FZR1/GEN1/GMNN/ING5/INO80C/INO80E/KAT7/KCTD13/LIG3/LRWD1/MCM2/MCM3/MCM4/MMS22L/NFIB/NFIC/NFIX/ORC6/POLA1/POLA2/POLD3/POLG/POLH/PRKDC/PTK6/RBBP7/RBBP8/RBMS1/RECQL4/REV3L/RFC3/RMI1/RNF126/RPA1/RTEL1/RUVBL1/SAMHD1/SENP2/SET/SETMAR/SMARCA5/TIMELESS/TOP1/TWNK/UPF1/WDR18/WRNIP1/YY1",71
"GO:2000781","positive regulation of double-strand break repair","32/2806","100/18860",0.32,2.15081967213115,4.82394551992881,1.2074920417367e-05,0.00167838935982537,0.0015150428882551,"ACTB/ARID1B/ATM/BCL7A/DDX11/DPF2/EPC1/EPC2/ERCC6/FUS/H2AX/MBTD1/MORF4L1/MRGBP/MRNIP/PARP3/PIAS4/PRKDC/RAD51AP1/RNF126/RUVBL1/SETMAR/SHLD2/SMARCA4/SMARCB1/SMARCC1/SMARCD3/SMCHD1/SPIRE2/TIMELESS/YEATS4/ZCWPW1",32
"GO:0007127","meiosis I","39/2806","132/18860",0.295454545454545,1.98584202682563,4.75182160600956,1.2162241737865e-05,0.00167838935982537,0.0015150428882551,"ATM/BAG6/BRME1/CCNE2/CDC25B/CKS2/DMRT1/EHMT2/ERCC4/HFM1/HORMAD1/HSF2BP/ING2/KASH5/KNL1/M1AP/MAEL/MAJIN/MCMDC2/MEI1/MLH1/MLH3/MOV10L1/MSH4/MSH5/NDC1/PRDM9/PSMA8/RAD51AP1/RMI1/SIRT7/SLC25A31/SPATA22/SPO11/STAG3/SYCP2/TOP6BL/UBB/ZCWPW1",39
"GO:0070192","chromosome organization involved in meiotic cell cycle","24/2806","66/18860",0.363636363636364,2.4441132637854,4.91332110214243,1.34085864101075e-05,0.00180926525960384,0.0016331815073083,"ATM/BAG6/CCNE2/EHMT2/HORMAD1/KASH5/MAEL/MAJIN/MCMDC2/MLH1/MLH3/MSH4/MSH5/NCAPD3/NCAPH/NDC1/PRDM9/SIRT7/SMC4/SPATA22/SPO11/STAG3/SYCP2/ZCWPW1",24
"GO:0044818","mitotic G2/M transition checkpoint","21/2806","54/18860",0.388888888888889,2.61384335154827,4.96502655638472,1.39585000076749e-05,0.00182048887560084,0.00164331280342098,"ABRAXAS1/ATM/BABAM2/BRSK1/CDC14B/CDC6/CDK1/CHFR/DTL/FOXN3/FOXO4/FZR1/INTS3/MRNIP/NABP2/NAE1/PABIR1/RBBP8/TAOK1/TAOK2/TRIM39",21
"GO:0006261","DNA-templated DNA replication","47/2806","171/18860",0.274853801169591,1.84737800786118,4.65365031047356,1.40913993994136e-05,0.00182048887560084,0.00164331280342098,"ATM/CAMSAP3/CCNE2/CDC34/CDC45/CDC6/CDC7/CDK1/CDK2AP1/CDT1/CHRAC1/DDX11/DNA2/DNAJA3/DYNLL1/E2F7/ENDOG/FZR1/GEN1/GMNN/KAT7/LIG3/LRWD1/MCM2/MCM3/MCM4/MMS22L/ORC6/POLA1/POLA2/POLD3/POLG/PRKDC/RBBP8/REV3L/RFC3/RNF126/RPA1/RTEL1/SAMHD1/SENP2/SETMAR/TIMELESS/TWNK/UPF1/WDR18/WRNIP1",47
"GO:1902893","regulation of miRNA transcription","26/2806","75/18860",0.346666666666667,2.33005464480874,4.82509702172227,1.60173748395904e-05,0.00202619791720819,0.00182900155240674,"BMP2/BMPR1A/EGR1/FOXA1/FOXO3/GATA2/KLF4/MRTFB/MYB/NCOR2/NFATC3/NFIB/NR1H2/PAX6/POU2F1/PPARA/PPARG/RELA/SMAD4/SMAD6/SMARCA4/SREBF2/TEAD1/TWIST1/YY1/ZNF512B",26
"GO:0045739","positive regulation of DNA repair","41/2806","143/18860",0.286713286713287,1.92708930413848,4.6524638088572,1.64006790518107e-05,0.0020317388861569,0.00183400325570678,"ABRAXAS1/ACTB/ARID1B/ATM/BABAM2/BCL7A/DDX11/DHX9/DPF2/EPC1/EPC2/ERCC6/FUS/H2AX/INO80C/INO80E/MBTD1/MORF4L1/MRGBP/MRNIP/PARP3/PIAS4/PRKDC/RAD51AP1/RNF126/RUVBL1/SETMAR/SHLD2/SMARCA4/SMARCB1/SMARCC1/SMARCD3/SMCHD1/SPIRE2/TIGAR/TIMELESS/TRIM28/USP1/YEATS4/YY1/ZCWPW1",41
"GO:0000289","nuclear-transcribed mRNA poly(A) tail shortening","15/2806","32/18860",0.46875,3.15061475409836,5.09034302780898,1.6958833762778e-05,0.0020317388861569,0.00183400325570678,"AGO2/CNOT4/CNOT6L/CNOT8/CNOT9/EIF4ENIF1/MLH1/PABPC1/PAN2/PAN3/PARN/POLR2G/TENT4A/TNRC6B/TNRC6C",15
"GO:1903046","meiotic cell cycle process","58/2806","227/18860",0.255506607929515,1.71733949591969,4.54577372620354,1.70650005260214e-05,0.0020317388861569,0.00183400325570678,"ATM/BAG6/BRME1/CCNE2/CDC25B/CDC25C/CHFR/CKS2/DMRT1/EHMT2/ERCC4/FANCA/FIGNL1/FZR1/HFM1/HORMAD1/HSF1/HSF2BP/ING2/KASH5/KNL1/LIF/LSM14B/M1AP/MAEL/MAJIN/MCMDC2/MEI1/MEIOSIN/MLH1/MLH3/MOV10L1/MSH4/MSH5/NCAPD3/NCAPH/NDC1/PRDM9/PSMA8/RAD51AP1/RMI1/SIRT7/SKA1/SLC25A31/SMC4/SPATA22/SPIRE2/SPO11/STAG3/SYCP2/TOP6BL/TUBG1/TUBG2/UBB/WASHC5/WNT4/YTHDF2/ZCWPW1",58
"GO:0000209","protein polyubiquitination","72/2806","300/18860",0.24,1.61311475409836,4.47532874521659,1.84664119533853e-05,0.00211533001649281,0.00190945901738403,"AKT1/ANAPC1/ANAPC10/ANAPC11/ARK2C/ATM/CBFB/CDC34/CDKN2A/CEP63/CHFR/CUL3/DAW1/DDX3X/DTL/DUSP22/FBXO7/FOXO4/FZR1/H2AX/HECTD2/ITCH/KBTBD2/MARCHF1/NAGK/NEDD4/NHLRC1/NOD2/NPEPPS/PELI3/PPIA/RBX1/RIPK2/RNF111/RNF123/RNF126/RNF144A/RNF152/RNF167/RNF170/RNF187/RNF216/RNF4/RNF41/RNF5/RUSC1/SPOP/SPSB4/STUB1/TCF25/TNKS2/TRIM27/TRIM3/TRIM32/TRIM8/TTC3/UBE2D2/UBE2D3/UBE2D4/UBE2E2/UBE2G1/UBE2G2/UBE2K/UBE2O/UBE2Q2/UBE2R2/UBE2T/UBE3A/UBE3D/UBE4A/USP38/ZNRF1",72
"GO:0070936","protein K48-linked ubiquitination","34/2806","111/18860",0.306306306306306,2.05878009156698,4.67724086795964,1.86652917873202e-05,0.00211533001649281,0.00190945901738403,"ANAPC1/ANAPC10/ANAPC11/CDC34/CUL3/DUSP22/FBXO7/FOXO4/ITCH/KBTBD2/PPIA/RBX1/RNF126/RNF152/RNF170/RNF187/RNF216/RNF4/RNF5/TCF25/TTC3/UBE2D2/UBE2D3/UBE2D4/UBE2E2/UBE2G1/UBE2G2/UBE2K/UBE2Q2/UBE2R2/UBE2T/UBE3A/USP38/ZNRF1",34
"GO:0031023","microtubule organizing center organization","45/2806","163/18860",0.276073619631902,1.85557678768983,4.58646797987759,1.88122234668333e-05,0.00211533001649281,0.00190945901738403,"ARHGEF10/BNIP2/BRSK1/C2CD3/CCDC102B/CCNF/CDK1/CEP120/CEP192/CEP250/CEP295/CEP44/CEP63/CEP72/CHD3/CHMP2B/CHMP5/CNTLN/CNTROB/DCTN1/DEUP1/DNM2/FBXW5/GADD45A/GEN1/KIF11/MDM1/NAT10/NDEL1/NPM1/NUBP1/NUP62/PAFAH1B1/PARD6B/PDCD6IP/PKD2/PLK4/PPP1R12A/RANBP1/RBM14/SPICE1/SSX2IP/TRIM37/UXT/XRCC2",45
"GO:0051298","centrosome duplication","27/2806","80/18860",0.3375,2.26844262295082,4.75312855801658,1.9360607415765e-05,0.00213320678878055,0.00192559596234316,"ARHGEF10/BRSK1/C2CD3/CCNF/CEP120/CEP192/CEP295/CEP44/CEP63/CEP72/CHMP2B/CHMP5/CNTROB/DEUP1/FBXW5/GEN1/MDM1/NAT10/NPM1/NUBP1/NUP62/PDCD6IP/PKD2/PLK4/RBM14/SPICE1/TRIM37",27
"GO:0048813","dendrite morphogenesis","41/2806","144/18860",0.284722222222222,1.91370673952641,4.60143286836572,1.96738439017969e-05,0.00213320678878055,0.00192559596234316,"ABI2/ABITRAM/ADGRB3/BTBD3/CAMK2B/CAPRIN1/CC2D1A/CDC42/CDK5R1/CFL1/CTNNA2/CUX2/DIP2A/DLG4/EPHB2/EPHB3/FARP1/HECW2/KIF1A/KLF7/LRP8/MAP6/MAPK8IP2/MAPRE3/MEF2A/MINK1/NEDD4/PAFAH1B1/PARP6/PICALM/PREX2/RAC1/SIPA1L1/SRCIN1/STAU2/SULT4A1/TANC2/TAOK2/TBC1D24/TMEM106B/YWHAH",41
"GO:2000628","regulation of miRNA metabolic process","29/2806","89/18860",0.325842696629214,2.19009025603242,4.70481696207459,2.07236818283924e-05,0.00219108294198618,0.00197783941455551,"BMP2/BMPR1A/EGR1/FOXA1/FOXO3/GATA2/HRAS/KLF4/MRTFB/MYB/NCOR2/NFATC3/NFIB/NR1H2/PAX6/POU2F1/PPARA/PPARG/QKI/RELA/SMAD4/SMAD6/SMARCA4/SREBF2/TEAD1/TENT2/TWIST1/YY1/ZNF512B",29
"GO:0061614","miRNA transcription","26/2806","76/18860",0.342105263157895,2.29939603106126,4.74532352052149,2.09293166395254e-05,0.00219108294198618,0.00197783941455551,"BMP2/BMPR1A/EGR1/FOXA1/FOXO3/GATA2/KLF4/MRTFB/MYB/NCOR2/NFATC3/NFIB/NR1H2/PAX6/POU2F1/PPARA/PPARG/RELA/SMAD4/SMAD6/SMARCA4/SREBF2/TEAD1/TWIST1/YY1/ZNF512B",26
"GO:0010639","negative regulation of organelle organization","84/2806","367/18860",0.228882833787466,1.53839281726002,4.35451848896877,2.59383735484373e-05,0.00262682048946946,0.00237116952511398,"ACD/AKT1/APC/APC2/ARHGAP28/ARHGEF18/ATM/BBOF1/BMP7/BUB3/CAPZA1/CAPZA2/CARMIL2/CCNB1/CCNF/CDK10/CENPF/CFL1/CKAP2/CLIP3/CTNNA2/CYRIB/DMRT1/DYRK1A/EHMT2/EPS8/ERCC4/FKBP4/GEN1/HASPIN/HDGFL3/HNRNPA1/HNRNPU/HORMAD1/KANK1/KLHL22/KNL1/LIF/LUZP1/MAD1L1/MAPT/MDM1/MPHOSPH9/NAT10/NPM1/NUBP1/OMA1/OPA1/PARP3/PFN1/PHF23/PINK1/PML/PPARG/PRELID1/RBM14/RHPN1/RHPN2/RTEL1/SETMAR/SKA1/SLC25A31/SLC25A4/SLC25A6/SLC35F6/SMAD4/SMARCA5/SPDL1/SPECC1L/SPTAN1/SPTBN1/SPTBN2/SPTBN4/SSH2/TAOK1/TFRC/TJP1/TMEM14A/TMOD3/TNKS2/TRIM32/TRIM37/USP10/WDR44",84
"GO:0007093","mitotic cell cycle checkpoint signaling","39/2806","136/18860",0.286764705882353,1.92743490838958,4.53800647094256,2.59567242042437e-05,0.00262682048946946,0.00237116952511398,"ABRAXAS1/APC/ATM/BABAM2/BRSK1/BUB3/CCNB1/CCND1/CDC14B/CDC6/CDK1/CENPF/CHFR/DTL/FOXN3/FOXO4/FZR1/GEN1/HASPIN/INTS3/KLHL22/KNL1/MAD1L1/MRNIP/NABP2/NAE1/PABIR1/PLK3/PRKDC/RAD9A/RBBP8/SETMAR/SKA1/SPDL1/TAOK1/TAOK2/TRIM39/WAC/ZFYVE19",39
"GO:0060541","respiratory system development","58/2806","231/18860",0.251082251082251,1.68760201547087,4.39602237132814,2.95516203187424e-05,0.00294159735369515,0.0026553112510732,"ABCA3/ALDH1A3/AP3B1/ASXL1/ATXN1/BAG6/BMP2/BMPR1A/BMPR2/CDC42/CEBPA/CHD7/CIC/CRISPLD2/DAG1/DNAAF1/DNAAF3/ERRFI1/ESRP2/FGFRL1/FKRP/FLT4/FOXA1/GLI3/HHIP/HMGA2/HOXA5/HS6ST1/IL13/KRAS/LAMA5/LIF/LOXL3/LTBP3/MME/NFIB/NKIRAS1/NOTCH1/ODAD4/PDGFA/PHF14/PLOD3/PPP3R1/PTK7/RAB3A/RPL13A/SIX4/SKI/SMAD2/SMCHD1/SOX11/SP3/SPEF2/SRSF6/TAB1/TIMELESS/TMEM38B/TULP3",58
"GO:0061982","meiosis I cell cycle process","40/2806","142/18860",0.28169014084507,1.89332717617178,4.46721166844742,3.23540745010743e-05,0.00316861194146005,0.00286023201913572,"ATM/BAG6/BRME1/CCNE2/CDC25B/CDC25C/CKS2/DMRT1/EHMT2/ERCC4/HFM1/HORMAD1/HSF2BP/ING2/KASH5/KNL1/M1AP/MAEL/MAJIN/MCMDC2/MEI1/MLH1/MLH3/MOV10L1/MSH4/MSH5/NDC1/PRDM9/PSMA8/RAD51AP1/RMI1/SIRT7/SLC25A31/SPATA22/SPO11/STAG3/SYCP2/TOP6BL/UBB/ZCWPW1",40
"GO:0000288","nuclear-transcribed mRNA catabolic process, deadenylation-dependent decay","22/2806","61/18860",0.360655737704918,2.42407954850847,4.65739773184881,3.51687694761072e-05,0.00338959949617338,0.00305971232518112,"AGO2/CAPRIN1/CNOT4/CNOT6L/CNOT8/CNOT9/DCPS/DHX9/EIF4ENIF1/FMR1/HNRNPU/MLH1/PABPC1/PAN2/PAN3/PARN/POLR2G/SYNCRIP/TENT4A/TNRC6B/TNRC6C/YBX1",22
"GO:0044839","cell cycle G2/M phase transition","44/2806","162/18860",0.271604938271605,1.82554138838292,4.41174411721231,3.57488938066881e-05,0.00339167629990953,0.00306158700742475,"ABRAXAS1/AKAP8/ATM/BABAM2/BRD4/BRSK1/CALM3/CCNB1/CCND1/CDC14B/CDC25B/CDC25C/CDC6/CDC7/CDK1/CDK10/CENPF/CHFR/DNM2/DTL/FBXL15/FHL1/FOXN3/FOXO4/FZR1/INTS3/KDM8/KHDRBS1/MARK3/MRNIP/NABP2/NAE1/NPM1/PABIR1/PAXIP1/PLK3/PPM1D/PPME1/RBBP8/SMARCD3/TAOK1/TAOK2/TRIM39/ZFYVE19",44
"GO:0000070","mitotic sister chromatid segregation","50/2806","192/18860",0.260416666666667,1.75034153005464,4.36890133622636,3.69873038474204e-05,0.00345518321479287,0.00311891321673713,"ABRAXAS1/AKAP8/ANAPC11/APC/ARHGEF10/ATM/BCCIP/BUB3/CCNB1/CCSAP/CDK1/CDT1/CENPF/CEP192/CHMP2B/CHMP5/CHMP7/CUL3/EML4/FLNA/GEN1/HASPIN/HNRNPU/KIF11/KIF2A/KLHL22/KNL1/MAD1L1/MIS12/MYBL2/NCAPD3/NCAPH/NSMCE2/NUMA1/NUP62/PRC1/RAN/RCC1/RHOA/SEH1L/SKA1/SMARCA5/SMC4/SPDL1/SPICE1/STAG2/TENT4A/TUBG1/TUBG2/UHRF1",50
"GO:0051148","negative regulation of muscle cell differentiation","25/2806","74/18860",0.337837837837838,2.27071333628711,4.57886482896957,3.81367148160444e-05,0.00350857776307608,0.00316711122882206,"BDNF/BMP2/BMPR1A/BMPR2/DNMT1/FOXO4/FOXP1/FRS2/HDAC5/HEY2/ID2/MECP2/MED28/NFATC1/NFATC2/NFATC3/NOTCH1/PDCD4/PPARA/PTBP1/RCAN1/RGS2/SMAD4/YBX1/YY1",25
"GO:0044843","cell cycle G1/S phase transition","66/2806","275/18860",0.24,1.61311475409836,4.28191819226763,4.03415509583082e-05,0.00365602831968429,0.00330021140361211,"ACTB/ACVR1B/AKT1/APC/ARID1B/BCL7A/BID/CACNB4/CCNB1/CCND1/CCND3/CCNE2/CCNF/CCNH/CCNI/CCNJL/CDC34/CDC6/CDC7/CDC73/CDK1/CDK10/CDK2AP2/CDKN2A/CDKN2C/CPSF3/CUL2/CUL3/DACT1/DDRGK1/DDX3X/DPF2/E2F1/E2F7/EIF4EBP1/FBXO7/FHL1/ID2/INHBA/KHDRBS1/KLF4/MEPCE/MYB/PIAS1/PKD2/PLK3/PPP6C/PRKDC/PRMT2/RASSF1/RBBP8/RBL2/RBX1/RCC1/SENP2/SMARCA4/SMARCB1/SMARCC1/SMARCD3/TCF3/TFDP1/TMEM14B/TRIM39/UBE2E2/USP38/WAC",66
"GO:0140013","meiotic nuclear division","52/2806","203/18860",0.25615763546798,1.72171525478479,4.32219675038118,4.2181569565393e-05,0.00376656603530979,0.00339999121868423,"ATM/BAG6/BRME1/CCNE2/CDC25B/CHFR/CKS2/DMRT1/EHMT2/ERCC4/FANCA/FIGNL1/FZR1/HFM1/HORMAD1/HSF1/HSF2BP/ING2/KASH5/KNL1/LIF/M1AP/MAEL/MAJIN/MCMDC2/MEI1/MEIOSIN/MLH1/MLH3/MOV10L1/MSH4/MSH5/NCAPH/NDC1/PRDM9/PSMA8/RAD51AP1/RMI1/SIRT7/SKA1/SLC25A31/SMC4/SPATA22/SPIRE2/SPO11/STAG3/SYCP2/TOP6BL/UBB/WASHC5/WNT4/ZCWPW1",52
"GO:1901991","negative regulation of mitotic cell cycle phase transition","50/2806","193/18860",0.259067357512953,1.74127240295592,4.32743702968428,4.28126175667059e-05,0.00376751034587012,0.00340084362577937,"ABRAXAS1/APC/ATM/BABAM2/BRSK1/BUB3/CACNB4/CCNB1/CCND1/CDC14B/CDC6/CDC73/CDK1/CDK2AP2/CENPF/CHFR/DACT1/DTL/E2F7/FBXO7/FHL1/FOXN3/FOXO4/FZR1/GEN1/HASPIN/INHBA/INTS3/KLF4/KLHL22/KNL1/MAD1L1/MRNIP/NABP2/NAE1/PABIR1/PKD2/PLK3/PRKDC/PRMT2/RBBP8/RBL2/SKA1/SPDL1/TAOK1/TAOK2/TPRA1/TRIM39/WAC/ZFYVE19",50
"GO:0033119","negative regulation of RNA splicing","13/2806","27/18860",0.481481481481481,3.23618700667881,4.86118089989336,4.36734781713822e-05,0.0037883622779519,0.00341966617802086,"ACIN1/DYRK1A/NPM1/PTBP1/PTBP2/RBM42/RBMX/SAP18/SRSF10/SRSF4/SRSF6/TMBIM6/U2AF2",13
"GO:0007129","homologous chromosome pairing at meiosis","20/2806","54/18860",0.37037037037037,2.48937462052216,4.58209561430087,5.09143223224732e-05,0.00430503085993965,0.00388605084385718,"BAG6/CCNE2/EHMT2/HORMAD1/KASH5/MAEL/MAJIN/MCMDC2/MLH1/MLH3/MSH4/MSH5/NDC1/PRDM9/SIRT7/SPATA22/SPO11/STAG3/SYCP2/ZCWPW1",20
"GO:0070534","protein K63-linked ubiquitination","27/2806","84/18860",0.321428571428571,2.16042154566745,4.45620768034798,5.16337876053558e-05,0.00430503085993965,0.00388605084385718,"ATM/CDKN2A/CEP63/DDX3X/DUSP22/H2AX/ITCH/NAGK/NEDD4/NOD2/PELI3/RIPK2/RNF126/RNF152/RNF167/RNF4/RNF5/STUB1/TRIM27/TRIM3/TRIM32/TRIM8/UBE2D4/UBE2E2/UBE2G1/UBE2O/UBE2T",27
"GO:0014037","Schwann cell differentiation","19/2806","50/18860",0.38,2.55409836065574,4.60024160018798,5.17567939353746e-05,0.00430503085993965,0.00388605084385718,"AKT1/AKT2/ARHGEF10/CDK1/CNTNAP1/DAG1/DICER1/HRAS/NDRG1/NF1/NTRK2/PALS1/PARD3/PLEC/POU3F1/PPP3R1/RELA/SKI/SOS1",19
"GO:0022613","ribonucleoprotein complex biogenesis","106/2806","496/18860",0.213709677419355,1.43640930724484,4.11777615732294,5.42878264851072e-05,0.004395678461567,0.00396787631741547,"AATF/ADAR/AFG2B/AGO1/AGO2/ATM/BOP1/BYSL/CDKN2A/CHD7/COIL/DDX10/DDX39B/DDX3X/DDX42/DHX37/DHX9/DICER1/DKC1/EIF2A/EIF2S3/EIF3B/EIF3K/EIF4H/EIF5B/ERCC2/EXOSC2/EXOSC6/EXOSC8/FASTKD2/FTSJ3/GEMIN2/GEMIN4/GLUL/GTF2H5/GTF3A/HEATR3/HTATSF1/IMP3/KRI1/LSM2/LUC7L/MAK16/MPHOSPH10/MTG1/MYG1/NAF1/NAT10/NOL7/NOLC1/NOP56/NPM1/POP4/POP7/PPAN/PRKDC/PRPF6/PRPF8/PTBP2/PTGES3/PWP1/PWP2/RAN/RBFA/RBMX2/RCC1L/RPL13A/RPL26L1/RPL5/RPLP0/RPP38/RPS15/RPS5/RPS9/RPSA2/RPUSD1/RRP1/RRP1B/RUVBL1/SART1/SETX/SF1/SF3A2/SIRT7/SNRPD2/SRPK1/SRPK2/SRSF10/SRSF5/SRSF6/STRAP/SUV39H1/TAF12-DT/TSSC4/U2AF2/URB2/USP36/USP39/UTP18/UTP20/UTP4/WDR18/WDR43/YTHDC1/YTHDF2/ZRSR2",106
"GO:0000086","G2/M transition of mitotic cell cycle","40/2806","145/18860",0.275862068965517,1.85415488976823,4.31655472364826,5.42944474007782e-05,0.004395678461567,0.00396787631741547,"ABRAXAS1/ATM/BABAM2/BRD4/BRSK1/CALM3/CCNB1/CCND1/CDC14B/CDC25B/CDC25C/CDC6/CDC7/CDK1/CENPF/CHFR/DNM2/DTL/FBXL15/FHL1/FOXN3/FOXO4/FZR1/INTS3/KDM8/KHDRBS1/MARK3/MRNIP/NABP2/NAE1/PABIR1/PLK3/PPM1D/PPME1/RBBP8/SMARCD3/TAOK1/TAOK2/TRIM39/ZFYVE19",40
"GO:1902749","regulation of cell cycle G2/M phase transition","35/2806","122/18860",0.286885245901639,1.92824509540446,4.3002380288445,6.51704160507617e-05,0.00520677324026612,0.00470003263679108,"ABRAXAS1/ATM/BABAM2/BRD4/BRSK1/CCNB1/CCND1/CDC14B/CDC25B/CDC25C/CDC6/CDC7/CDK1/CDK10/CENPF/CHFR/DTL/FHL1/FOXN3/FOXO4/FZR1/INTS3/MARK3/MRNIP/NABP2/NAE1/NPM1/PABIR1/PAXIP1/RBBP8/SMARCD3/TAOK1/TAOK2/TRIM39/ZFYVE19",35
"GO:0014044","Schwann cell development","17/2806","43/18860",0.395348837209302,2.65726267632482,4.54843422988428,7.10394821090766e-05,0.0056019705891729,0.00505676805662286,"AKT1/AKT2/ARHGEF10/CNTNAP1/DAG1/DICER1/HRAS/NDRG1/NF1/NTRK2/PALS1/PARD3/PLEC/POU3F1/PPP3R1/SKI/SOS1",17
"GO:0043484","regulation of RNA splicing","49/2806","192/18860",0.255208333333333,1.71533469945355,4.16507230256081,7.64312489005996e-05,0.00594987876056976,0.0053708166400192,"ACIN1/AKAP17A/ATXN7L3/CIRBP/DAZAP1/DYRK1A/ERN1/ESRP2/FMR1/FUS/HNRNPA1/HNRNPF/HNRNPH1/HNRNPH2/HNRNPH3/HNRNPL/HNRNPU/KHDRBS1/KHDRBS3/LARP7/MBNL1/NCL/NPM1/PTBP1/PTBP2/QKI/RBFOX1/RBM14/RBM42/RBMX/RRP1B/SAP18/SETX/SNRNP70/SRPK1/SRPK2/SRSF10/SRSF4/SRSF5/SRSF6/SUPT7L/TADA2B/TAF5L/TMBIM6/TRA2A/U2AF2/UPF1/YTHDC1/ZNF638",49
"GO:0010389","regulation of G2/M transition of mitotic cell cycle","32/2806","109/18860",0.293577981651376,1.97322905700105,4.26017690049182,8.12037880159776e-05,0.00624138482067109,0.00563395235441966,"ABRAXAS1/ATM/BABAM2/BRD4/BRSK1/CCNB1/CCND1/CDC14B/CDC25B/CDC25C/CDC6/CDC7/CDK1/CENPF/CHFR/DTL/FHL1/FOXN3/FOXO4/FZR1/INTS3/MARK3/MRNIP/NABP2/NAE1/PABIR1/RBBP8/SMARCD3/TAOK1/TAOK2/TRIM39/ZFYVE19",32
"GO:0048025","negative regulation of mRNA splicing, via spliceosome","11/2806","22/18860",0.5,3.36065573770492,4.63167561554503,0.000111038969509318,0.00842785778575722,0.00760763045046076,"ACIN1/DYRK1A/NPM1/PTBP1/RBM42/RBMX/SAP18/SRSF10/SRSF4/SRSF6/U2AF2",11
"GO:0006513","protein monoubiquitination","21/2806","61/18860",0.344262295081967,2.31389411448535,4.29704048141325,0.000114442493851908,0.00857894842800973,0.00774401644557358,"ATM/CUL3/DTL/ITCH/KLHL22/NEDD4/RAD18/RBX1/RNF126/RNF152/STUB1/TRIM37/TRIM41/UBB/UBE2D3/UBE2E2/UBE2O/UBE2R2/UBE2T/UBE3D/USP10",21
"GO:0045911","positive regulation of DNA recombination","25/2806","79/18860",0.316455696202532,2.12699730234488,4.19651326343032,0.000127939845005961,0.0094737894984902,0.00855176858724057,"ACTB/ATM/EPC1/EPC2/ERCC2/ERCC6/EXOSC6/FUS/H2AX/MBTD1/MLH1/MORF4L1/MRGBP/MRNIP/PAXIP1/PIAS4/PRDM9/RAD51AP1/RNF126/RUVBL1/SHLD2/TFRC/TIMELESS/YEATS4/ZCWPW1",25
"GO:0031570","DNA integrity checkpoint signaling","35/2806","126/18860",0.277777777777778,1.86703096539162,4.08240565734114,0.000132774112298086,0.00971220118355192,0.00876697724893468,"ABRAXAS1/ATM/BABAM2/BRD4/BRSK1/CAMSAP3/CCND1/CDC14B/CDC45/CDC5L/CDC6/CDK1/CDT1/CEP63/CLOCK/DNA2/DTL/E2F1/ERCC6/FOXN3/FOXO4/FZR1/H2AX/INTS7/MRNIP/NAE1/PRKDC/RAD9A/SETMAR/TAOK1/TAOK2/TELO2/TIMELESS/TRIM39/WAC",35
"GO:0006270","DNA replication initiation","15/2806","37/18860",0.405405405405405,2.72485600354453,4.39056913281573,0.000134358514396963,0.00971220118355192,0.00876697724893468,"CCNE2/CDC34/CDC45/CDC6/CDT1/GMNN/KAT7/LRWD1/MCM2/MCM3/MCM4/ORC6/POLA1/POLA2/WRNIP1",15
"GO:0033045","regulation of sister chromatid segregation","31/2806","107/18860",0.289719626168224,1.94729584801593,4.10821988259828,0.000136298736008852,0.00973654029465588,0.00878894759626121,"ACTB/ANAPC1/ANAPC11/APC/ARID1B/ATM/BCL7A/BUB3/CCNB1/CDC6/CDK1/CENPF/CHFR/CUL3/DPF2/GEN1/HASPIN/HECW2/HNRNPU/KLHL22/KNL1/MAD1L1/NEK6/NSMCE2/NUMA1/SKA1/SMARCA4/SMARCB1/SMARCC1/SMARCD3/SPDL1",31
"GO:0021954","central nervous system neuron development","29/2806","98/18860",0.295918367346939,1.98895951823352,4.10358582531477,0.000147195295818922,0.0103926725140988,0.00938122283144588,"ARHGAP35/CRKL/DCLK2/DISC1/EPHB2/EPHB3/FEZF2/GABRB1/GATA2/GBA2/LHX6/MAPT/NDEL1/NDNF/NFIB/NTRK2/PAFAH1B1/PALS1/PLXNA1/PLXNA3/PLXNA4/PRKCA/RAC1/SCN1B/SOX1/SPAST/SPTBN4/TAOK1/UBB",29
"GO:0045814","negative regulation of gene expression, epigenetic","49/2806","197/18860",0.248730964467005,1.67179828576184,3.96271474280491,0.000150917872455229,0.0105330266844615,0.0095079172640578,"CDKN2B-AS1/CTR9/DNMT1/DYRK1A/EED/EHMT1/EHMT2/EPC1/H2AC11/H2AC12/H2AC13/H2AC19/H2AC20/H2AC25/H2AC6/H2AC8/H2AX/HDAC5/HMGA2/HNRNPU/ING2/JARID2/L3MBTL1/LHX2/MAEL/MBD1/MBD3/MECP2/MORC1/MOV10L1/PCGF3/PPM1D/SIRT7/SMARCA4/SMARCA5/SMCHD1/SPEN/SPIN1/SUV39H1/SUV39H2/TASOR2/TDRD5/TRIM27/TRIM28/TRIM37/UHRF1/UHRF2/YTHDC1/ZNFX1",49
"GO:0051056","regulation of small GTPase mediated signal transduction","71/2806","314/18860",0.226114649681529,1.51978698966273,3.88308265896887,0.000156083862648501,0.0107697865227466,0.00972163484223378,"AKAP13/ARHGAP12/ARHGAP23/ARHGAP28/ARHGAP29/ARHGAP32/ARHGAP35/ARHGAP42/ARHGAP5/ARHGEF10/ARHGEF12/ARHGEF18/ARHGEF4/ARHGEF5/AUTS2/BNIP2/CCDC125/CDON/CHN1/CRKL/CUL3/CYRIB/DENND3/DENND4C/DOCK3/EPHB2/EPS8/EPS8L2/F2R/FAM13B/FGD4/FGD5/GARNL3/GNA13/KANK1/KCTD13/KRAS/MAP4K4/MAPRE2/MMD2/MYO9A/NF1/NGF/NOTCH1/NUP62/PICALM/PLEKHG5/PREX2/PSD/PSD3/RAC1/RALBP1/RALGAPA2/RALGAPB/RALGPS1/RAP1GAP/RAP1GAP2/RASA4/RASGRP1/RHOF/SIPA1L1/SIPA1L2/SIPA1L3/SOS1/SSX2IP/TAX1BP3/TIAM1/TNS3/TRIO/VAV2/WNT4",71
"GO:0006352","DNA-templated transcription initiation","56/2806","234/18860",0.239316239316239,1.60851898556817,3.9159198687894,0.000161210844657133,0.0109985645927878,0.00992814746457353,"ARID1B/ARMC5/BCLAF1/BRF1/CCNH/CEBPA/CTCFL/CUL3/EGR1/ELOB/ERCC2/ERCC6/GTF2A1/GTF2A1L/GTF2B/GTF2F1/GTF2F2/GTF2H5/HEY2/INTS11/INTS13/INTS3/INTS7/KAT7/MAZ/MED11/MED15/MED18/MED25/MED28/MED4/MORC1/NFKBIZ/OGG1/PAXIP1/POLR2G/POLR3H/PPM1D/PRMT3/RBM14/RBX1/SAMD1/SETX/SIRT7/SMARCA4/SMARCA5/SMARCB1/TAF1B/TAF4B/TAF6/TAF8/TFAM/TWIST1/USP21/WDR5/ZNHIT1",56
"GO:0051225","spindle assembly","37/2806","137/18860",0.27007299270073,1.81524470503769,4.00379733335543,0.000163091866463954,0.0110032645907681,0.0099323900430153,"ABRAXAS1/ARHGEF10/BCCIP/CCSAP/CEP192/CEP63/CHMP2B/CHMP5/CHMP7/DYNC1H1/FLNA/GPSM2/GTF2B/HNRNPU/KASH5/KIF11/KIF2A/MAPRE2/MAPRE3/MLH1/MYBL2/NEK6/NUMA1/PRC1/RCC1/RHOA/RNF4/SKA1/SPICE1/STAG2/TUBB/TUBGCP3/TUBGCP4/TUBGCP5/TUBGCP6/UHRF1/WASHC5",37
"GO:0051984","positive regulation of chromosome segregation","13/2806","30/18860",0.433333333333333,2.91256830601093,4.38292416359026,0.000168310469420675,0.0112305623112345,0.0101375663883569,"CCNB1/CDC6/CDK1/HNRNPU/MAD1L1/NCAPD3/NCAPH/NUMA1/RAD18/SKA1/SMC4/SMC5/SMC6",13
"GO:0050686","negative regulation of mRNA processing","11/2806","23/18860",0.478260869565217,3.21454027084818,4.44276319730719,0.00018426919523893,0.0121617668857694,0.0109781430161225,"ACIN1/DYRK1A/NPM1/PTBP1/RBM42/RBMX/SAP18/SRSF10/SRSF4/SRSF6/U2AF2",11
"GO:1905168","positive regulation of double-strand break repair via homologous recombination","17/2806","46/18860",0.369565217391304,2.4839629365645,4.21282029956376,0.000189274864323763,0.0122653661238614,0.011071659629524,"ACTB/ATM/EPC1/EPC2/ERCC6/FUS/H2AX/MBTD1/MORF4L1/MRGBP/MRNIP/PIAS4/RAD51AP1/RNF126/RUVBL1/TIMELESS/YEATS4",17
"GO:0070507","regulation of microtubule cytoskeleton organization","43/2806","168/18860",0.255952380952381,1.72033567525371,3.92078667100142,0.000189878856331188,0.0122653661238614,0.011071659629524,"APC/APC2/BBOF1/CAMSAP1/CAMSAP3/CCSAP/CDK2AP2/CDK5R1/CHMP2B/CHMP5/CHMP7/CKAP2/CLIP3/DCTN1/DIXDC1/DYNC1H1/DYRK1A/FKBP4/FSD1/GBA2/GNAI1/GPSM2/HDGFL3/HNRNPU/MAP6/MAPRE2/MAPRE3/MAPT/MECP2/NUMA1/NUP62/PAFAH1B1/PARP3/RAC1/RAE1/RCC1/RHOA/RNF4/SKA1/SPAST/SPECC1L/TAOK1/TRAF3IP1",43
"GO:0010720","positive regulation of cell development","95/2806","451/18860",0.210643015521064,1.41579731743666,3.73651206977822,0.000221809304513928,0.0140196897281205,0.0126552465873246,"ACIN1/ACTB/ACTN3/AP3B1/ARID1B/ATXN1/BDNF/BMP2/BMPR2/BRAF/BRD2/BRD4/CAMK2B/CAPRIN1/CBFB/CD83/CDH4/CDON/CLDN5/CUX2/DAG1/DDRGK1/DICER1/DISC1/E2F1/EGR3/EPHB2/ETV5/FADD/FMR1/FOXO3/FZD3/GAS6/GFAP/GLI3/GOLGA4/GPR68/GRM5/HSF1/ID2/IL23A/IL4I1/KIT/KRAS/LIF/LIG4/LRP8/MAP6/MAPRE3/MAPT/MECP2/MME/MPL/MYB/NFKBIZ/NGF/NKX6-2/NOTCH1/NTRK2/OPA1/PAFAH1B1/PARP6/PAX6/PPP2R3C/PRKCA/PRKDC/PROC/QKI/RASGRP1/RELA/RHOA/RIPK2/RUNX3/S1PR2/SART1/SMAD7/SMARCA4/SMARCB1/SMARCC1/SMARCD3/SOX11/SOX13/SPEN/SRRT/STAT5B/STAU2/TBC1D24/TESC/TIAM1/TRIB1/TRIM32/WNT3/XRCC2/ZBTB16/ZFYVE27",95
"GO:0045143","homologous chromosome segregation","22/2806","68/18860",0.323529411764706,2.17454194792671,4.05646768543165,0.000223095269087433,0.0140196897281205,0.0126552465873246,"ATM/BAG6/CCNE2/EHMT2/HORMAD1/KASH5/KNL1/MAEL/MAJIN/MCMDC2/MLH1/MLH3/MSH4/MSH5/NDC1/PRDM9/SIRT7/SPATA22/SPO11/STAG3/SYCP2/ZCWPW1",22
"GO:0050684","regulation of mRNA processing","37/2806","139/18860",0.266187050359712,1.78912607618823,3.90391908275085,0.000223964081625113,0.0140196897281205,0.0126552465873246,"ACIN1/ALKBH5/CCNB1/CDC73/CIRBP/DAZAP1/DHX9/DYRK1A/FMR1/HNRNPA1/HNRNPL/HNRNPU/IWS1/KHDRBS1/KHDRBS3/LARP7/NCL/NPM1/PTBP1/QKI/RBFOX1/RBM14/RBM42/RBMX/SAFB/SAP18/SNRNP70/SRPK1/SRPK2/SRSF10/SRSF4/SRSF5/SRSF6/TRA2A/U2AF2/UPF1/YTHDC1",37
"GO:2001252","positive regulation of chromosome organization","30/2806","105/18860",0.285714285714286,1.92037470725995,3.95377840410024,0.00022717042440408,0.0140752940508324,0.0127054393111928,"ACD/ATM/CCT5/CDK1/DDX11/DKC1/HNRNPA1/INO80C/INO80E/KLF4/LIG4/MAD1L1/MAP2K7/NABP2/NAF1/NCAPD3/NCAPH/NSMCE2/NUMA1/PARN/PKIB/PML/PTGES3/RTEL1/RUVBL1/SKA1/SMC4/SMC5/TNKS2/YY1",30
"GO:0010972","negative regulation of G2/M transition of mitotic cell cycle","23/2806","73/18860",0.315068493150685,2.11767347855378,3.9999926404033,0.000252107468630018,0.0154625914093078,0.0139577202462148,"ABRAXAS1/ATM/BABAM2/BRSK1/CDC14B/CDC6/CDK1/CHFR/DTL/FHL1/FOXN3/FOXO4/FZR1/INTS3/MRNIP/NABP2/NAE1/PABIR1/RBBP8/TAOK1/TAOK2/TRIM39/ZFYVE19",23
"GO:1902115","regulation of organelle assembly","56/2806","238/18860",0.235294117647059,1.58148505303761,3.77420432009493,0.000257037869486324,0.0156073394352096,0.0140883809096346,"AKT1/ARF4/ARHGAP35/ARHGEF5/ATM/CAPRIN1/CCSAP/CDK10/CEP120/CEP295/CHMP2B/CHMP5/CHMP7/CNOT6L/CNTROB/CRIPT/DYNC1H1/EHMT2/EPHB2/FUZ/GPSM2/HNRNPU/HSF1/LRFN1/LRFN4/LUZP1/MDM1/MPHOSPH9/NPM1/NUMA1/NUP62/PAN2/PAN3/PDCD6IP/PHF23/PINK1/PLK4/RAB1B/RAB3GAP2/RBM14/RCC1/RHOA/RNF4/RNF5/SDC1/SEPTIN9/SMAD4/SPICE1/SPTBN2/TAPT1/TBC1D12/TRIM32/TRIM37/USP10/WDR44/WDR45",56
"GO:0009303","rRNA transcription","16/2806","43/18860",0.372093023255814,2.50095310712924,4.11943537222324,0.000265174541541604,0.01594197837862,0.0143904516707361,"BRF1/CDKN2A/DDX11/ERCC2/ERCC6/GTF2H5/GTF3A/NCL/POLR1A/PWP1/SIRT7/SMARCA4/SMARCB1/SPIN1/TAF1B/TOP1",16
"GO:0030323","respiratory tube development","50/2806","207/18860",0.241545893719807,1.62350518729706,3.77105123436678,0.000277952883891739,0.0165463716763788,0.0149360233893115,"ABCA3/AP3B1/ASXL1/ATXN1/BAG6/BMP2/BMPR1A/BMPR2/CDC42/CEBPA/CIC/CRISPLD2/DAG1/DNAAF1/DNAAF3/ERRFI1/ESRP2/FLT4/FOXA1/GLI3/HHIP/HMGA2/HOXA5/HS6ST1/IL13/KRAS/LAMA5/LIF/LOXL3/LTBP3/MME/NFIB/NKIRAS1/NOTCH1/ODAD4/PDGFA/PHF14/PLOD3/PPP3R1/PTK7/RAB3A/RPL13A/SMAD2/SOX11/SP3/SRSF6/TAB1/TIMELESS/TMEM38B/TULP3",50
"GO:0090398","cellular senescence","31/2806","111/18860",0.279279279279279,1.87712302466401,3.87475708115669,0.000281605116450396,0.0166010317192894,0.0149853637338499,"ATM/BCL2L12/BMPR1A/CDKN2A/DNAJA3/FZR1/HMGA1/HMGA2/HRAS/ID2/ING2/KRAS/MAP2K3/MAP2K7/MAPK11/MORC3/NEK6/NPM1/NSMCE2/NUP62/OPA1/PML/RSL1D1/SMC5/SMC6/SUV39H1/TWIST1/ULK3/VASH1/WNT16/YBX1",31
"GO:1902895","positive regulation of miRNA transcription","19/2806","56/18860",0.339285714285714,2.28044496487119,4.01181911409405,0.000295968177825626,0.0172799882284346,0.0155982419224498,"BMP2/BMPR1A/EGR1/FOXA1/FOXO3/GATA2/KLF4/MRTFB/MYB/NR1H2/PAX6/POU2F1/PPARG/RELA/SMAD4/SMAD6/SMARCA4/SREBF2/TEAD1",19
"GO:0045132","meiotic chromosome segregation","28/2806","97/18860",0.288659793814433,1.94017238465439,3.88109034786533,0.000300447899332459,0.0173744728071113,0.0156835309456052,"ATM/BAG6/CCNE2/CHFR/EHMT2/HORMAD1/KASH5/KNL1/M1AP/MAEL/MAJIN/MCMDC2/MLH1/MLH3/MSH4/MSH5/NCAPH/NDC1/PRDM9/SIRT7/SKA1/SMC4/SPATA22/SPO11/STAG3/SYCP2/WASHC5/ZCWPW1",28
"GO:0006403","RNA localization","50/2806","208/18860",0.240384615384615,1.6156998738966,3.73292756675661,0.000313943044659646,0.0179836053506922,0.0162333806707327,"ALKBH5/ATM/ATXN2/CAPRIN1/CCT5/DDX25/DDX39A/DDX39B/DHX9/DKC1/FMR1/FYTTD1/GLE1/HNRNPA1/HNRNPAB/HNRNPU/HSF1/IWS1/KHDRBS1/KHSRP/MCM3AP/MEX3D/NAF1/NDC1/NUP107/NUP155/NUP210/NUP214/NUP50/NUP62/PARN/PRPF6/QKI/RAE1/RAN/RANBP2/RBFOX1/RBM33/RUVBL1/SEH1L/SENP2/SLBP/SMG7/STAU2/THOC6/TST/UPF1/YBX1/YTHDC1/YY1",50
"GO:0030324","lung development","49/2806","203/18860",0.241379310344828,1.6223855285472,3.72733247792187,0.000323483687292505,0.018356943450842,0.0165703842570789,"ABCA3/AP3B1/ASXL1/ATXN1/BAG6/BMP2/BMPR1A/BMPR2/CDC42/CEBPA/CIC/CRISPLD2/DAG1/DNAAF1/DNAAF3/ERRFI1/ESRP2/FLT4/FOXA1/GLI3/HHIP/HMGA2/HOXA5/HS6ST1/IL13/KRAS/LAMA5/LIF/LOXL3/LTBP3/MME/NFIB/NKIRAS1/NOTCH1/ODAD4/PDGFA/PHF14/PLOD3/PPP3R1/PTK7/RAB3A/RPL13A/SMAD2/SOX11/SP3/SRSF6/TAB1/TIMELESS/TMEM38B",49
"GO:0010506","regulation of autophagy","81/2806","377/18860",0.214854111405836,1.44410140453103,3.64148163743746,0.000327757784121501,0.0184272709739422,0.0166338672701819,"ADRA1A/ADRB2/AKT1/ATM/ATP6V0E2/ATP6V1B2/ATP6V1G1/BAG3/BNIP3L/CAPNS1/CDC37/CDK16/CDK5R1/CISD1/CISD2/CPTP/CSNK2A2/DAPK1/DAPK3/DDRGK1/DNM1L/EEF1A2/EHMT2/ENDOG/ERCC4/ERN1/FBXO7/FOXK1/FOXK2/FOXO3/GFAP/GPR137/HERC1/IL10RA/KLHL22/LYPLA1/MAPT/MCL1/MFSD8/MLST8/MTDH/NEDD4/NOD2/NPRL2/OMA1/PHF23/PINK1/PLK3/PSAP/PYCARD/RAB3GAP2/RAB8A/RBX1/RIPK2/RNF152/RNF41/RNF5/RPGR/SLC25A4/SNRNP70/SNX32/SNX6/SREBF2/STUB1/SUPT5H/SVIP/TBC1D25/TBK1/TIGAR/TPCN2/TRIM27/TRIM32/TRIM8/UBQLN4/ULK3/USP10/USP36/VHL/VPS26B/WAC/WDR45",81
"GO:0019079","viral genome replication","32/2806","117/18860",0.273504273504274,1.8383074120779,3.8026663239557,0.000342037816344707,0.0190537029435327,0.017199332783263,"ADAR/ATG16L2/CCNK/CTBP1/CTBP2/DDX3X/DEK/FMR1/GAS6/GRK2/HACD3/HMGA2/IFIT5/ILF3/MX1/NOTCH1/PABPC1/PCBP1/PCBP2/PLSCR1/PPIA/SMARCB1/SMC5/SMC6/SRPK1/SRPK2/TMEM41B/TNIP1/TRIM28/VAPA/VAPB/ZNFX1",32
"GO:2000045","regulation of G1/S transition of mitotic cell cycle","44/2806","178/18860",0.247191011235955,1.66144778043839,3.7068534367299,0.00036857438179925,0.0202997874650919,0.0183241441874235,"ACTB/AKT1/APC/ARID1B/BCL7A/BID/CACNB4/CCND1/CCND3/CCNE2/CCNH/CDC6/CDC73/CDK10/CDK2AP2/CDKN2A/CDKN2C/CPSF3/DACT1/DDX3X/DPF2/E2F1/E2F7/FBXO7/FHL1/ID2/INHBA/KLF4/MEPCE/PKD2/PLK3/PRKDC/PRMT2/RBL2/SENP2/SMARCA4/SMARCB1/SMARCC1/SMARCD3/TCF3/TFDP1/TMEM14B/UBE2E2/WAC",44
"GO:0007095","mitotic G2 DNA damage checkpoint signaling","14/2806","36/18860",0.388888888888889,2.61384335154827,4.05198850844378,0.000374436132425937,0.0202997874650919,0.0183241441874235,"ABRAXAS1/ATM/BABAM2/BRSK1/CDC14B/CDK1/DTL/FOXN3/FOXO4/FZR1/MRNIP/TAOK1/TAOK2/TRIM39",14
"GO:0045648","positive regulation of erythrocyte differentiation","14/2806","36/18860",0.388888888888889,2.61384335154827,4.05198850844378,0.000374436132425937,0.0202997874650919,0.0183241441874235,"ACVR1B/ACVR2A/BRD1/FAM210B/FOXO3/GATA2/GLUL/ID2/INHBA/KAT7/PRKDC/SMAP1/STAT1/STAT5B",14
"GO:0006414","translational elongation","23/2806","75/18860",0.306666666666667,2.06120218579235,3.84976927534291,0.000391073250328219,0.0208297962806399,0.0188025707706282,"ABCE1/ANKZF1/CPEB2/DDRGK1/EEF1A2/EEF1D/EEFSEC/EIF5A/ELAC1/HBS1L/MTRES1/MTRFR/OTUD3/PTRH1/RPLP1/SARS1/SELENOT/SKIC2/SKIC3/TCF25/TRNAU1AP/USP10/USP21",23
"GO:1902750","negative regulation of cell cycle G2/M phase transition","23/2806","75/18860",0.306666666666667,2.06120218579235,3.84976927534291,0.000391073250328219,0.0208297962806399,0.0188025707706282,"ABRAXAS1/ATM/BABAM2/BRSK1/CDC14B/CDC6/CDK1/CHFR/DTL/FHL1/FOXN3/FOXO4/FZR1/INTS3/MRNIP/NABP2/NAE1/PABIR1/RBBP8/TAOK1/TAOK2/TRIM39/ZFYVE19",23
"GO:0006354","DNA-templated transcription elongation","37/2806","143/18860",0.258741258741259,1.73908059153961,3.70896923156948,0.000409791948231927,0.0216370148666457,0.0195312281413606,"ARMC5/BRD4/CCNK/CCNT2/CDC73/CTR9/CUL3/ELOB/ERCC2/ERCC6/GTF2F1/GTF2F2/GTF2H5/HNRNPU/INTS11/INTS13/INTS3/INTS7/IWS1/KAT7/LARP7/MED11/MED15/MED18/MED25/MED28/MED4/NELFB/NELFCD/NELFE/RBX1/RTF1/SETD5/SUPT5H/TCEA2/VHL/WDR43",37
"GO:0044784","metaphase/anaphase transition of cell cycle","28/2806","99/18860",0.282828282828283,1.9009769829442,3.75763710924316,0.000433833445446048,0.0225803183739859,0.0203827261932849,"ACTB/ANAPC1/ANAPC11/APC/ARID1B/ATM/BCL7A/BUB3/CCNB1/CDC6/CENPF/CHFR/CUL3/DPF2/GEN1/HASPIN/HECW2/KLHL22/KNL1/MAD1L1/NEK6/NSMCE2/SKA1/SMARCA4/SMARCB1/SMARCC1/SMARCD3/SPDL1",28
"GO:0000910","cytokinesis","47/2806","195/18860",0.241025641025641,1.62000840689365,3.63841657202573,0.000438278679975963,0.0225803183739859,0.0203827261932849,"ANLN/APC/ARF1/CALM3/CDC14A/CDC14B/CDC25B/CDC42/CDC6/CENPA/CEP55/CFL1/CHMP2B/CHMP5/CHMP7/CKAP2/CNTROB/CUL3/E2F7/EFHC1/EXOC6/FSD1/IQGAP2/KLHL13/LUZP1/MYH10/NOX5/NUP62/PDCD6IP/PLEC/PLK3/PRC1/PRKCE/PRPF40A/RASA1/RHOA/RXFP3/SEPTIN2/SEPTIN3/SEPTIN8/SEPTIN9/SPART/SPAST/SPIRE2/SPTBN1/WASHC5/ZFYVE19",47
"GO:0051147","regulation of muscle cell differentiation","42/2806","169/18860",0.248520710059172,1.67038510039771,3.65984734642019,0.000438813828743468,0.0225803183739859,0.0203827261932849,"ACTN3/ARRB2/ATP11A/BDNF/BMP2/BMPR1A/BMPR2/CCNT2/DNMT1/EFNB2/FOXO4/FOXP1/FRS2/HDAC5/HEY2/ID2/KIT/MAPK11/MECP2/MED28/MEF2C/MESP1/NFATC1/NFATC2/NFATC3/NOTCH1/NRG1/PARP2/PDCD4/PIAS1/PPARA/PTBP1/RCAN1/RGS2/SETD3/SIK1/SMAD4/SMARCD3/TRIM32/YBX1/YY1/ZEB1",42
"GO:0042790","nucleolar large rRNA transcription by RNA polymerase I","11/2806","25/18860",0.44,2.95737704918033,4.09423925690683,0.000455688527279917,0.0232516028373416,0.0209886790052767,"DDX11/ERCC2/ERCC6/GTF2H5/NCL/POLR1A/PWP1/SIRT7/SMARCA4/SMARCB1/TAF1B",11
"GO:0060997","dendritic spine morphogenesis","19/2806","58/18860",0.327586206896552,2.20180893159977,3.83229501434659,0.000490679053445896,0.0248283601043624,0.0224119809762525,"ABI2/CAMK2B/CAPRIN1/CDC42/CDK5R1/CFL1/CUX2/DIP2A/DLG4/EPHB2/EPHB3/KIF1A/LRP8/MAPRE3/PAFAH1B1/SIPA1L1/SRCIN1/STAU2/TANC2",19
"GO:0045930","negative regulation of mitotic cell cycle","56/2806","244/18860",0.229508196721311,1.54259607632357,3.56648097144446,0.000498386842719402,0.0248909237267516,0.0224684556974543,"ABRAXAS1/APC/ATM/BABAM2/BMP7/BRSK1/BUB3/CACNB4/CCNB1/CCND1/CDC14B/CDC6/CDC73/CDK1/CDK2AP2/CENPF/CHFR/DACT1/DTL/E2F7/FBXO7/FHL1/FOXC1/FOXN3/FOXO4/FZD3/FZR1/GEN1/HASPIN/INHBA/INTS3/KLF4/KLHL22/KNL1/MAD1L1/MRNIP/NABP2/NAE1/PABIR1/PKD2/PLK3/PML/PRKDC/PRMT2/RAD9A/RBBP8/RBL2/SETMAR/SKA1/SPDL1/TAOK1/TAOK2/TPRA1/TRIM39/WAC/ZFYVE19",56
"GO:1902099","regulation of metaphase/anaphase transition of cell cycle","27/2806","95/18860",0.284210526315789,1.91026747195858,3.71850248643733,0.000500520861677468,0.0248909237267516,0.0224684556974543,"ACTB/ANAPC11/APC/ARID1B/ATM/BCL7A/BUB3/CCNB1/CDC6/CENPF/CHFR/CUL3/DPF2/GEN1/HASPIN/HECW2/KLHL22/KNL1/MAD1L1/NEK6/NSMCE2/SKA1/SMARCA4/SMARCB1/SMARCC1/SMARCD3/SPDL1",27
"GO:0006457","protein folding","53/2806","228/18860",0.232456140350877,1.56241012366983,3.57192514991792,0.000504213375887754,0.0248909237267516,0.0224684556974543,"AHSA2P/ALG12/APLF/BAG3/BAG4/CANX/CCT5/CDC37/CLGN/DNAJA3/DNAJB1/DNAJB11/DNAJB13/DNAJB6/DNAJC1/DNAJC25/DNAJC4/DNAJC5/ELP6/ENTPD5/ERO1A/ERP29/FKBP1A/FKBP4/GRPEL2/HSPA14/HSPA4L/HSPE1/HSPH1/KHSRP/MOGS/MPDU1/NKTR/NUDCD2/P4HB/PDCD5/PDCL3/PDIA3/PDRG1/PFDN1/PPIA/PTGES3/RANBP2/RIC8A/SACS/SDHAF4/SNRNP70/TBCB/TBCC/TELO2/TRAP1/UNC45A/WIPF1",53
"GO:0045879","negative regulation of smoothened signaling pathway","14/2806","37/18860",0.378378378378378,2.54319893664156,3.92816652699645,0.000520570334704442,0.025287224578603,0.0228261872236297,"GLI3/GPR161/HHIP/IFT122/KCTD6/PRKACB/PTCH1/PTCH2/RFX4/RUNX2/SUFU/TRAF3IP1/TULP3/ULK3",14
"GO:0072344","rescue of stalled ribosome","14/2806","37/18860",0.378378378378378,2.54319893664156,3.92816652699645,0.000520570334704442,0.025287224578603,0.0228261872236297,"ABCE1/ANKZF1/DDRGK1/ELAC1/HBS1L/MTRES1/MTRFR/OTUD3/PTRH1/SKIC2/SKIC3/TCF25/USP10/USP21",14
"GO:0045787","positive regulation of cell cycle","75/2806","349/18860",0.214899713467049,1.44440791018836,3.50341098897889,0.000530036621237912,0.025542717175846,0.0230568144259466,"AKT1/ANAPC11/BRD4/CCNB1/CCND1/CCND3/CCNE2/CDC14A/CDC14B/CDC25B/CDC25C/CDC42/CDC6/CDC7/CDC73/CDK1/CDK10/CEP120/CEP295/CPSF3/CUL3/DDRGK1/DDX11/DDX3X/DMRT1/DTL/DYNC1H1/E2F7/EIF4EBP1/FNTB/FOXA1/GEN1/GPSM2/HNRNPU/HSF1/KNL1/MAD1L1/MEIOSIN/MEIS2/MEPCE/NCAPD3/NCAPH/NPM1/NR4A3/NSMCE2/NUMA1/NUP62/PAFAH1B1/PLK4/PLSCR1/PRDM9/PRKCA/PRKCE/PTK6/RAD18/RAD51AP1/RANBP1/RHOA/RXFP3/SKA1/SLC6A4/SMARCD3/SMC4/SMC5/SMC6/SPAST/SRPK2/STAT5B/TCF3/TFDP1/TMOD3/TRIM32/UBE2E2/USP2/WNT4",75
"GO:0010569","regulation of double-strand break repair via homologous recombination","25/2806","86/18860",0.290697674418605,1.95386961494472,3.70656284411148,0.000550427714573213,0.0262893510639269,0.0237307834043872,"ACTB/ATM/EPC1/EPC2/ERCC6/FIGNL1/FUS/H2AX/MAGEF1/MBTD1/MORF4L1/MRGBP/MRNIP/PIAS4/PPP4R2/RAD51AP1/RNF126/RTEL1/RUVBL1/SENP3/SHLD2/SMCHD1/TIMELESS/UBQLN4/YEATS4",25
"GO:0099173","postsynapse organization","56/2806","245/18860",0.228571428571429,1.53629976580796,3.53240640450729,0.000554189218738907,0.0262893510639269,0.0237307834043872,"ABI2/ACTB/ACTG1/AKT1/ARF1/ARF4/ARHGAP12/ASIC1/C1QL3/CAMK2B/CAPRIN1/CARMIL3/CC2D1A/CDC42/CDK5R1/CFL1/CHMP2B/CNKSR2/CNTNAP1/CRIPT/CRKL/CUX2/DIP2A/DISC1/DLG4/DNAJA3/EPHB2/EPHB3/ETV5/FARP1/FRRS1L/GNA13/IGF1R/KIF1A/LAMA5/LRFN1/LRFN4/LRP8/MAPRE3/MYH10/NAE1/NCKIPSD/NF1/NRCAM/PAFAH1B1/POTEE/RAC1/RHOG/S1PR2/SIPA1L1/SPTBN2/SRCIN1/STAU2/TANC1/TANC2/TMEM108",56
"GO:0050807","regulation of synapse organization","70/2806","322/18860",0.217391304347826,1.46115466856736,3.48943120769563,0.000570868007399966,0.0266703885960706,0.0240747370882289,"ABI2/ADGRB2/ADGRB3/AGAP1/AGO2/AKT1/AMIGO3/ARF4/ARHGAP12/ASIC1/BDNF/C1QL1/C1QL3/CAMK2B/CAPRIN1/CARMIL3/CC2D1A/CDC42/CDK5R1/CFL1/CHMP2B/CNTNAP1/CRIPT/CRTAC1/CTNNA2/CUX2/DAG1/DCTN1/DISC1/EPHB2/EPHB3/ETV5/FARP1/GNA13/IL10RA/KIF1A/LRFN1/LRFN4/LRFN5/LRP8/MAPRE3/MDGA1/MEF2C/MRTFB/NAE1/NCKIPSD/NEDD4/NF1/NRCAM/NTRK2/PAFAH1B1/PRKCA/RAC1/RHOA/RHOG/RTN4RL2/S1PR2/SETD5/SIPA1L1/SIX4/SLIT1/SLITRK4/SRCIN1/SRGAP1/STAU2/STRN4/TANC1/TANC2/TUBB/ZDHHC17",70
"GO:1900029","positive regulation of ruffle assembly","8/2806","15/18860",0.533333333333333,3.58469945355191,4.18667398589031,0.000572515322315235,0.0266703885960706,0.0240747370882289,"CARMIL2/EPS8/EPS8L2/FAM98A/HRAS/NDEL1/PFN1/RAC1",8
"GO:0050767","regulation of neurogenesis","80/2806","378/18860",0.211640211640212,1.42249978315552,3.46904107116822,0.000575398699948163,0.0266703885960706,0.0240747370882289,"ABCC8/ASCL2/ATXN1/BDNF/BMP2/BMP7/BMPR1A/BMPR2/BRAF/CAMK2B/CAPRIN1/CDH4/CDON/CHD7/CUX2/DAG1/DICER1/DISC1/DLX2/DNAJB11/E2F1/EPHB2/ETV5/FEZF2/FMR1/FSTL4/FZD3/GATA2/GFAP/GLI3/GOLGA4/GRM5/HES2/HEY2/HMGA2/HOOK3/ID2/IGDCC4/KIT/KRAS/LHX2/LIF/LIG4/LRP8/MAP6/MAPRE3/MAPT/MECP2/MME/MT3/MYB/NF1/NGF/NKX6-2/NOTCH1/NTRK2/PAFAH1B1/PARP6/PAX6/PLXNA3/QKI/RELA/SEMA4F/SKI/SLIT1/SMARCD3/SOX11/SPART/SPEN/SRRT/STAU2/TBC1D24/TIAM1/TMEM98/TRIM32/WNT3/XRCC2/YTHDF2/YWHAH/ZFYVE27",80
"GO:0010824","regulation of centrosome duplication","17/2806","50/18860",0.34,2.28524590163934,3.80441921365757,0.000590165977909583,0.0271476349838408,0.0245055362597703,"CCNF/CEP120/CEP295/CHMP2B/CHMP5/FBXW5/GEN1/MDM1/NAT10/NPM1/NUBP1/NUP62/PDCD6IP/PLK4/RBM14/SPICE1/TRIM37",17
"GO:0007091","metaphase/anaphase transition of mitotic cell cycle","27/2806","96/18860",0.28125,1.89036885245902,3.65640586964609,0.000599129101100823,0.0272953423252511,0.0246388682282059,"ACTB/ANAPC1/ANAPC11/APC/ARID1B/ATM/BCL7A/BUB3/CCNB1/CDC6/CENPF/CUL3/DPF2/GEN1/HASPIN/HECW2/KLHL22/KNL1/MAD1L1/NEK6/NSMCE2/SKA1/SMARCA4/SMARCB1/SMARCC1/SMARCD3/SPDL1",27
"GO:0050769","positive regulation of neurogenesis","54/2806","235/18860",0.229787234042553,1.5444715730729,3.51133717799543,0.000602367567783869,0.0272953423252511,0.0246388682282059,"ATXN1/BDNF/BMP2/BMPR2/BRAF/CAMK2B/CAPRIN1/CDH4/CDON/CUX2/DAG1/DICER1/DISC1/E2F1/EPHB2/ETV5/FMR1/FZD3/GFAP/GLI3/GOLGA4/GRM5/ID2/KIT/KRAS/LIF/LIG4/LRP8/MAP6/MAPRE3/MAPT/MECP2/MME/MYB/NGF/NKX6-2/NOTCH1/NTRK2/PAFAH1B1/PARP6/PAX6/QKI/RELA/SMARCD3/SOX11/SPEN/SRRT/STAU2/TBC1D24/TIAM1/TRIM32/WNT3/XRCC2/ZFYVE27",54
"GO:0016032","viral process","83/2806","396/18860",0.20959595959596,1.40875972843186,3.43687971995313,0.000627801259247467,0.0282371055270416,0.0254889758822734,"ADAR/ATG16L2/ATP7B/BSG/CANX/CCNK/CCNT2/CDK1/CHMP2B/CHMP5/CHMP7/CLDN1/CTBP1/CTBP2/CTSL/DAG1/DDX3X/DEK/DHX9/EFNB2/EIF3B/FMR1/FUT8/GALNT1/GAS6/GRK2/GTF2B/HACD3/HMGA2/IFIT5/ILF3/ITCH/ITGB5/LARP7/LIG4/MAN1B1/MGAT1/MOGS/MVB12B/MX1/MYH10/NEDD4/NMT2/NOTCH1/P4HB/PABPC1/PCBP1/PCBP2/PDCD6IP/PLSCR1/PPIA/PTBP1/PVR/RAB1B/RAN/RCC1/SLC3A2/SMARCB1/SMC5/SMC6/SPCS1/SPCS3/SRPK1/SRPK2/ST3GAL4/ST6GALNAC3/STAT1/TBC1D20/TFRC/TMEM41B/TNIP1/TPCN2/TRIM14/TRIM27/TRIM28/TRIM32/TRIM8/UBP1/USF2/VAPA/VAPB/ZNF639/ZNFX1",83
"GO:0044557","relaxation of smooth muscle","7/2806","12/18860",0.583333333333333,3.9207650273224,4.23122520010374,0.000635554571362894,0.0282660464580479,0.0255151001849829,"ABCC8/ADORA2B/GNAI1/GRK2/NPR3/RGS2/SLC8A1",7
"GO:0007099","centriole replication","16/2806","46/18860",0.347826086956522,2.33784746970777,3.79801330561055,0.000637755000782702,0.0282660464580479,0.0255151001849829,"C2CD3/CEP120/CEP192/CEP295/CEP44/CEP63/CEP72/CNTROB/DEUP1/MDM1/NPM1/NUP62/PLK4/RBM14/SPICE1/TRIM37",16
"GO:0032956","regulation of actin cytoskeleton organization","76/2806","357/18860",0.212885154061625,1.43086742893879,3.43611929416914,0.000651891025854031,0.0286832051375774,0.0258916595852169,"ABI2/ABITRAM/ACTG1/AKAP13/ARAP2/ARF1/ARHGAP28/ARHGAP35/ARHGEF10/ARHGEF18/ARHGEF26/ARHGEF5/ARPC2/ASAP3/BAG4/BRAF/BRK1/CAPZA1/CAPZA2/CARMIL2/CARMIL3/CDC42/CDC42EP3/CDC42EP4/CDK10/CDK5R1/CFL1/CTNNA2/CYRIB/DAPK3/DIXDC1/DVL2/EPS8/FLNA/GBA2/GRHL3/HRAS/IQGAP2/JAM3/KANK1/KIRREL1/LRP1/MLST8/NCKAP1/PDGFA/PFN1/PFN2/PRKCE/PTGER4/PXN/PYCARD/RAC1/RASA1/RHOA/RHOBTB1/RHOF/RHOG/RHOQ/RHPN1/RHPN2/SMAD4/SORBS3/SPECC1L/SPTAN1/SPTBN1/SPTBN2/SPTBN4/SSH2/STAU2/TAOK1/TAOK2/TJP1/TMOD3/TRIM27/WASHC5/WNT4",76
"GO:0097178","ruffle assembly","15/2806","42/18860",0.357142857142857,2.40046838407494,3.79859293660849,0.000679983283597897,0.0296687100169982,0.0267812518304053,"ARHGEF26/BAG4/CARMIL2/EPS8/EPS8L2/FAM98A/HRAS/KANK1/NDEL1/PFN1/PFN2/PIP5K1A/RAC1/RHOG/SNX10",15
"GO:0048169","regulation of long-term neuronal synaptic plasticity","11/2806","26/18860",0.423076923076923,2.84363177805801,3.93279320217153,0.000684319509900698,0.0296687100169982,0.0267812518304053,"CAMK2B/DLG4/EPHB2/FMR1/GRM5/HRAS/KIT/KRAS/NF1/RAB8A/SYNGR1",11
"GO:0030071","regulation of mitotic metaphase/anaphase transition","26/2806","92/18860",0.282608695652174,1.89950106913756,3.61574783180354,0.000692256658283987,0.0296687100169982,0.0267812518304053,"ACTB/ANAPC11/APC/ARID1B/ATM/BCL7A/BUB3/CCNB1/CDC6/CENPF/CUL3/DPF2/GEN1/HASPIN/HECW2/KLHL22/KNL1/MAD1L1/NEK6/NSMCE2/SKA1/SMARCA4/SMARCB1/SMARCC1/SMARCD3/SPDL1",26
"GO:0016236","macroautophagy","84/2806","403/18860",0.208436724565757,1.40096814872066,3.40167937366068,0.000698232638922967,0.0296687100169982,0.0267812518304053,"ABI2/ADRB2/AFG2B/AKT1/ARMC3/ATG16L2/ATG4B/ATG7/ATG9A/ATM/ATP6V0E2/ATP6V1B2/ATP6V1G1/BAG3/BNIP3L/CAPNS1/CDC37/CDK5R1/CHMP2B/CHMP5/CHMP7/CSNK2A2/DDRGK1/DNM1L/EHMT2/EIF2S1/ELP6/EMC6/EPHB2/ERN1/FBXO7/GAA/HGS/LYPLA1/MAP1LC3B/MFSD8/NEDD4/NOD2/OMA1/PACS2/PDCD6IP/PGAM5/PHF23/PINK1/RAB1B/RAB33A/RAB33B/RAB3GAP2/RBX1/RETREG1/RETREG2/RIPK2/RNF41/RNF5/SLC25A4/SNX14/SNX32/SNX6/SPART/SPATA33/SREBF2/STUB1/STX12/STX17/SUPT5H/TBC1D12/TBC1D25/TBK1/TEX264/TIGAR/TMEM41B/TRIM32/UBQLN4/UBXN6/ULK3/USP36/VPS26B/VTA1/VTI1B/WAC/WDR45/WDR45B/WIPI2/ZNRF1",84
"GO:0022618","protein-RNA complex assembly","53/2806","231/18860",0.229437229437229,1.54211908310269,3.465911331879,0.000698719619965538,0.0296687100169982,0.0267812518304053,"ADAR/AGO1/AGO2/ATM/BOP1/COIL/DDX39B/DDX42/DHX9/DICER1/DKC1/EIF2S3/EIF3B/EIF3K/EIF4H/FASTKD2/GEMIN2/GEMIN4/HTATSF1/LSM2/LUC7L/MTG1/NAF1/PRKDC/PRPF6/PRPF8/PTBP2/PTGES3/PWP2/RBMX2/RCC1L/RPL13A/RPL5/RPS15/RPSA2/RUVBL1/SART1/SETX/SF1/SF3A2/SNRPD2/SRPK1/SRPK2/SRSF10/SRSF5/SRSF6/STRAP/TAF12-DT/TSSC4/U2AF2/USP39/YTHDC1/ZRSR2",53
"GO:0034063","stress granule assembly","14/2806","38/18860",0.368421052631579,2.4762726488352,3.80835146422591,0.000712443450216692,0.0300413654841372,0.0271176392198707,"ATXN2/ATXN2L/CAPRIN1/CIRBP/DAZAP2/DDX3X/DYNC1H1/EIF2S1/FMR1/HSF1/MAPT/QKI/USP10/YTHDF2",14
"GO:1903312","negative regulation of mRNA metabolic process","30/2806","112/18860",0.267857142857143,1.80035128805621,3.55159733476413,0.000751977069098386,0.0314533215262725,0.0283921789729043,"ACIN1/BAG4/CIRBP/DHX34/DHX9/DYRK1A/E2F1/EIF4ENIF1/FUS/HNRNPAB/HNRNPU/JAK2/NBAS/NICOL1/NPM1/PABPC1/PTBP1/QKI/RBM42/RBMX/SAP18/SRSF10/SRSF4/SRSF6/SYNCRIP/TENT4A/TENT5C/U2AF2/YBX1/ZC3H14",30
"GO:0048024","regulation of mRNA splicing, via spliceosome","31/2806","117/18860",0.264957264957265,1.78086030545047,3.54207912809713,0.000756288692825394,0.0314533215262725,0.0283921789729043,"ACIN1/CIRBP/DAZAP1/DYRK1A/FMR1/HNRNPA1/HNRNPL/HNRNPU/KHDRBS1/KHDRBS3/LARP7/NCL/NPM1/PTBP1/QKI/RBFOX1/RBM14/RBM42/RBMX/SAP18/SNRNP70/SRPK1/SRPK2/SRSF10/SRSF4/SRSF5/SRSF6/TRA2A/U2AF2/UPF1/YTHDC1",31
"GO:0032886","regulation of microtubule-based process","61/2806","276/18860",0.221014492753623,1.48550724637681,3.39697376823082,0.000807565690436643,0.0333574072947707,0.0301109527397322,"APC/APC2/BBOF1/CAMSAP1/CAMSAP3/CCNF/CCSAP/CDK2AP2/CDK5R1/CEP120/CEP295/CFAP206/CHMP2B/CHMP5/CHMP7/CKAP2/CLIP3/DCTN1/DIXDC1/DNAAF1/DYNC1H1/DYRK1A/FBXW5/FKBP4/FNTB/FSD1/GBA2/GEN1/GNAI1/GPSM2/HDGFL3/HNRNPU/MAP6/MAPRE2/MAPRE3/MAPT/MDM1/MECP2/NAT10/NPM1/NUBP1/NUMA1/NUP62/ODAD2/PAFAH1B1/PARP3/PDCD6IP/PLK4/RAC1/RAE1/RBM14/RCC1/RHOA/RNF4/SKA1/SPAST/SPECC1L/SPICE1/TAOK1/TRAF3IP1/TRIM37",61
"GO:0019827","stem cell population maintenance","46/2806","195/18860",0.235897435897436,1.58554014291719,3.43614527785209,0.000820537271512743,0.0336642048150363,0.0303878916981995,"ACTB/ARID4A/ASCL2/BCL7A/BICRA/BMP7/BMPR1A/BRAF/CDC73/CDKN2A/CTR9/DPF2/EIF4ENIF1/FOXO3/GATA2/HMGA2/HOOK3/ING1/ING2/KDM3A/KDM4C/KIT/KLF4/LBH/LIF/LIG4/MED15/MED28/NFIB/NOTCH1/RBBP7/RTF1/SAP30/SETD6/SKI/SMARCA4/SMARCB1/SMARCC1/SMC5/SRRT/SS18/SUDS3/TAF5L/TEAD4/TRIM8/WDR43",46
"GO:0045165","cell fate commitment","66/2806","304/18860",0.217105263157895,1.45923209663503,3.37472491873507,0.000835663436566411,0.0340546871599412,0.0307403709940042,"APC/APC2/BMP2/BMPR1A/BRAF/BRD2/BRD4/CDC42/CDC73/CDON/CHD3/CTR9/CTSL/DLX2/EHMT2/FEZF2/FOXA1/GATA2/GATAD2A/GLI3/HEY2/HOXD10/ID2/IL23A/JAG2/JAK3/KLF4/LOXL3/MBD3/MCL1/MEF2C/MESP1/MGA/NEUROD1/NFIB/NKX6-2/NOTCH1/NR2F2/OPA1/PAX6/PML/PPARG/PRDM11/PRKDC/PTCH1/PTCH2/PTF1A/RAB10/RBBP7/RHOA/RTF1/RUNX2/SMAD2/SMAD4/SMAD5/SOX1/SOX13/SUFU/TCF3/TEAD4/TM2D3/WNT16/WNT3/WNT4/ZDHHC16/ZNF521",66
"GO:0048593","camera-type eye morphogenesis","36/2806","143/18860",0.251748251748252,1.69207841338989,3.47309558724755,0.000841867704460695,0.0340788046765689,0.0307621413131708,"ABI2/AHI1/ALDH1A3/BCAR3/BMP7/CALB1/CDON/DIO3/EPHB2/FAT1/FJX1/FRS2/GLI3/IFT122/LHX1/MEIS1/NF1/NOTCH1/NTRK2/PAX6/PTF1A/RDH13/SAMD11/SHROOM2/SKI/SOX1/SOX11/SP3/TBC1D20/TDRD7/TENM3/TFAP2A/TWIST1/WNT16/YY1/ZEB1",36
"GO:0006367","transcription initiation at RNA polymerase II promoter","45/2806","190/18860",0.236842105263158,1.59188955996549,3.42812662821804,0.000849878009506104,0.0341752269782852,0.0308491794736722,"ARID1B/ARMC5/CCNH/CTCFL/CUL3/EGR1/ELOB/ERCC2/ERCC6/GTF2A1/GTF2A1L/GTF2B/GTF2F1/GTF2F2/GTF2H5/HEY2/INTS11/INTS13/INTS3/INTS7/KAT7/MAZ/MED11/MED15/MED18/MED25/MED28/MED4/OGG1/PAXIP1/POLR2G/PPM1D/PRMT3/RBM14/RBX1/SAMD1/SIRT7/SMARCA4/SMARCB1/TAF4B/TAF6/TAF8/USP21/WDR5/ZNHIT1",45
"GO:0007389","pattern specification process","98/2806","486/18860",0.201646090534979,1.35532618228429,3.31783682137983,0.000859362948546993,0.0342896420249848,0.0309524592649774,"ACD/ACVR2A/AHI1/ALG5/APC/APC2/ATM/BARX1/BMP2/BMP7/BMPR1A/BMPR2/C2CD3/C3/CDON/CFAP52/CHSY1/CIMAP3/CRAMP1/CRKL/DAW1/DLX2/DNAAF1/DNAAF3/DNAH5/DNAI1/DVL2/EED/FBXL15/FEZF2/FOXA1/FOXC1/FRS2/FST/FUZ/GALNT11/GLI3/GPR161/GRHL3/HES2/HEY2/HHIP/HOXA5/HOXA7/HOXB9/HOXD10/HOXD8/IFT122/IRX4/LAMA5/LEFTY2/LHX1/LHX2/MDFI/MEF2C/MEIS1/MEIS2/MESP1/MIB1/MLLT3/MMP21/NCKAP1/NEK8/NEUROD1/NOMO1/NOMO3/NOTCH1/NR2F2/NRG3/ODAD2/ODAD4/PAX6/PCSK6/PKD2/PRKDC/PTCH1/RIPPLY2/RNF111/SKI/SMAD2/SMAD4/SMAD5/SMAD6/SMARCD3/SOX1/SUFU/TBC1D32/TDRD5/TDRD7/TIGD5/TLL1/TRAF3IP1/TULP3/WNT3/XRCC2/YY1/ZBTB16/ZEB1",98
"GO:1901875","positive regulation of post-translational protein modification","34/2806","133/18860",0.255639097744361,1.71823000123259,3.47509588075489,0.000865921422231241,0.0342896420249848,0.0309524592649774,"CDC14B/CDKN2A/CHFR/CUL3/DCUN1D2/DCUN1D4/DDX3X/DNAJA3/EGR1/FZR1/NGF/NHLRC1/NOD2/NPM1/PAXIP1/PHF23/PIAS1/PIAS4/PINK1/PTTG1IP/RASSF1/RASSF5/RBX1/RIPK2/RNF111/SAE1/SENP2/SPRTN/SPSB4/STUB1/TNIP1/UBA2/UBB/UBE3A",34
"GO:2000630","positive regulation of miRNA metabolic process","20/2806","65/18860",0.307692307692308,2.06809583858764,3.60626195810406,0.00087234800684464,0.0342896420249848,0.0309524592649774,"BMP2/BMPR1A/EGR1/FOXA1/FOXO3/GATA2/HRAS/KLF4/MRTFB/MYB/NR1H2/PAX6/POU2F1/PPARG/RELA/SMAD4/SMAD6/SMARCA4/SREBF2/TEAD1",20
"GO:0034502","protein localization to chromosome","32/2806","123/18860",0.260162601626016,1.74863387978142,3.48243916976562,0.000879851383282612,0.0342896420249848,0.0309524592649774,"ACD/APLF/ATM/BRD2/BUB3/CDK1/CENPA/CHMP7/CTCFL/ERCC6/H2AC8/H2AX/H2BC11/H4C14/HASPIN/HTATSF1/JARID2/KNL1/MMS22L/MRNIP/PARP2/PARP3/PIAS4/PML/PRKDC/RNF4/RPA1/SMC5/SPDL1/SPIN1/SPO11/TNKS2",32
"GO:0001738","morphogenesis of a polarized epithelium","18/2806","56/18860",0.321428571428571,2.16042154566745,3.63576839695218,0.000880959182460083,0.0342896420249848,0.0309524592649774,"ACTB/ACTG1/AHI1/ASTN2/BRSK1/CAMSAP3/CDC42/FAT1/FUZ/FZD3/GRHL3/LAMA5/MYO9A/PAFAH1B1/PTK7/RAB10/RHOA/TRAF3IP1",18
"GO:0061001","regulation of dendritic spine morphogenesis","15/2806","43/18860",0.348837209302326,2.34464353793366,3.69043651456219,0.00090220225255663,0.0346719751742016,0.0312975824721011,"ABI2/CAMK2B/CAPRIN1/CDK5R1/CFL1/CUX2/EPHB2/KIF1A/LRP8/MAPRE3/PAFAH1B1/SIPA1L1/SRCIN1/STAU2/TANC2",15
"GO:0090329","regulation of DNA-templated DNA replication","15/2806","43/18860",0.348837209302326,2.34464353793366,3.69043651456219,0.00090220225255663,0.0346719751742016,0.0312975824721011,"CAMSAP3/CDC7/CDT1/DYNLL1/E2F7/ENDOG/GMNN/KAT7/LIG3/MCM2/MCM3/MCM4/SENP2/TIMELESS/WRNIP1",15
"GO:0006488","dolichol-linked oligosaccharide biosynthetic process","10/2806","23/18860",0.434782608695652,2.92230933713471,3.85649576541277,0.000927624083170919,0.0352033339563364,0.0317772276386248,"ALG1/ALG11/ALG12/ALG2/ALG5/ALG6/DHDDS/DPAGT1/MPDU1/SRD5A3",10
"GO:0051151","negative regulation of smooth muscle cell differentiation","10/2806","23/18860",0.434782608695652,2.92230933713471,3.85649576541277,0.000927624083170919,0.0352033339563364,0.0317772276386248,"DNMT1/FOXO4/HEY2/MECP2/MED28/NFATC1/NFATC2/NFATC3/PDCD4/RCAN1",10
"GO:0032506","cytokinetic process","17/2806","52/18860",0.326923076923077,2.19735182849937,3.61462859384187,0.000979705236818524,0.0367208036911239,0.0331470121384929,"ANLN/ARF1/CEP55/CHMP2B/CHMP5/CHMP7/CNTROB/IQGAP2/LUZP1/NUP62/PDCD6IP/PLEC/RHOA/SPART/SPAST/SPIRE2/ZFYVE19",17
"GO:0045646","regulation of erythrocyte differentiation","17/2806","52/18860",0.326923076923077,2.19735182849937,3.61462859384187,0.000979705236818524,0.0367208036911239,0.0331470121384929,"ACVR1B/ACVR2A/BRD1/FAM210B/FOXO3/GATA2/GLUL/HOXA5/ID2/INHBA/KAT7/KLF13/P4HTM/PRKDC/SMAP1/STAT1/STAT5B",17
"GO:0021915","neural tube development","40/2806","165/18860",0.242424242424242,1.6294088425236,3.39487362061531,0.00099658227002021,0.0368728408140093,0.0332842524995747,"ARHGAP35/BMP7/BRD2/C2CD3/CBY1/CFL1/DACT1/DVL2/FOXA1/FUZ/FZD3/GLI3/GPR161/GRHL3/IFT122/ITPK1/LHX2/LUZP1/MIB1/MTHFD1/NCKAP1/NF1/NOTCH1/NUP50/OPA1/PAX6/PFN1/PKD2/PLOD3/PRKACB/PTCH1/PTK7/SKI/SPECC1L/SPINT2/SUFU/TBC1D32/TRAF3IP1/TULP3/TWIST1",40
"GO:0006891","intra-Golgi vesicle-mediated transport","13/2806","35/18860",0.371428571428571,2.49648711943794,3.70468295468282,0.00100367883387086,0.0368728408140093,0.0332842524995747,"COG1/COG2/COG6/COPB1/COPB2/COPG1/COPG2/NAPG/NSF/RAB33B/RAB6B/TRAPPC3/VTI1B",13
"GO:0006368","transcription elongation by RNA polymerase II","33/2806","129/18860",0.255813953488372,1.71940526115135,3.42767405397239,0.00101002493697326,0.0368728408140093,0.0332842524995747,"ARMC5/BRD4/CCNK/CCNT2/CDC73/CTR9/CUL3/ELOB/ERCC6/GTF2F1/GTF2F2/HNRNPU/INTS11/INTS13/INTS3/INTS7/IWS1/LARP7/MED11/MED15/MED18/MED25/MED28/MED4/NELFB/NELFCD/NELFE/RBX1/RTF1/SUPT5H/TCEA2/VHL/WDR43",33
"GO:0018205","peptidyl-lysine modification","33/2806","129/18860",0.255813953488372,1.71940526115135,3.42767405397239,0.00101002493697326,0.0368728408140093,0.0332842524995747,"ANTKMT/BAG6/CDKN2A/DIP2A/EEF1AKMT1/EGR1/EHMT1/EHMT2/ESCO1/HINT1/KAT7/LIPT2/LOXL3/NNAT/NSMCE2/PIAS1/PIAS4/PLOD3/PML/RANBP2/RELA/SAE1/SENP2/SENP3/SETD6/SIRT5/SMC5/SMC6/TRIM27/TRIM28/UBA2/UBE2I/UHRF2",33
"GO:0071826","protein-RNA complex organization","54/2806","240/18860",0.225,1.51229508196721,3.33923899595757,0.0010141245744301,0.0368728408140093,0.0332842524995747,"ADAR/AGO1/AGO2/ATM/BOP1/COIL/DDX39B/DDX42/DHX9/DICER1/DKC1/DNAJC17/EIF2S3/EIF3B/EIF3K/EIF4H/FASTKD2/GEMIN2/GEMIN4/HTATSF1/LSM2/LUC7L/MTG1/NAF1/PRKDC/PRPF6/PRPF8/PTBP2/PTGES3/PWP2/RBMX2/RCC1L/RPL13A/RPL5/RPS15/RPSA2/RUVBL1/SART1/SETX/SF1/SF3A2/SNRPD2/SRPK1/SRPK2/SRSF10/SRSF5/SRSF6/STRAP/TAF12-DT/TSSC4/U2AF2/USP39/YTHDC1/ZRSR2",54
"GO:0006997","nucleus organization","39/2806","160/18860",0.24375,1.63831967213115,3.38991611351901,0.00102475041006203,0.0370374076779563,0.0334328031653697,"ARMC2/BROX/CDK1/CDKN2A/CFAP44/CHMP2B/CHMP5/CHMP7/CTDNEP1/DCTN1/DDX11/EMD/EPC1/KDM3A/NDC1/NEK6/NOLC1/NUMA1/NUP107/NUP155/PAFAH1B1/PLEC/PML/PRKCA/RCC1/SEH1L/SMARCA5/SPAST/SRPK1/SRPK2/SUV39H1/SYNE1/TMEM170A/TMEM43/TMF1/TOR1B/TSSK6/UBE2I/USP36",39
"GO:0048732","gland development","92/2806","454/18860",0.202643171806167,1.36202787607424,3.26438793662383,0.00103563222113143,0.0372092239450299,0.0335878976981088,"AKT1/AKT2/ALDH1A3/ARHGAP35/ARHGAP5/ARMC5/ASH1L/ASXL1/ATM/ATP7B/BMP2/BMP7/BMPR1A/BRAF/BTBD7/CACNB4/CCND1/CDKN2A/CEBPA/CLDN1/COA5/CRIP1/CRKL/CSNK2A2/CUL3/DAG1/DDR1/DNAAF1/E2F7/EPHB3/ERRFI1/ESRP2/ETV5/FADD/FKBP4/FOXA1/FOXC1/FRS2/GATA2/GLI3/HMGA2/HOXA5/HOXB9/HSPA12A/ID2/INHBB/JAK2/JARID2/KRAS/LAMA5/LBH/MAD1L1/MESP1/MPST/MYB/NCOA1/NCOR2/NF1/NFIB/NOTCH1/NRG1/NRG3/OTC/PAX6/PDGFA/PKD2/PLXNA1/PML/PPARA/PPDPF/PSAP/PTCH1/PTF1A/RAP1GAP/RCBTB2/RELA/RPS15/SALL1/SIX4/SMAD4/SMARCB1/SMARCC1/SP3/SRD5A1/SRP54/SRSF5/STAT5B/SULF2/UBE3A/USF2/WNT3/WNT4",92
"GO:0050803","regulation of synapse structure or activity","70/2806","329/18860",0.212765957446809,1.43006627136379,3.28999652229418,0.00105586430418851,0.0377129885590153,0.0340426342533099,"ABI2/ADGRB2/ADGRB3/AGAP1/AGO2/AKT1/AMIGO3/ARF4/ARHGAP12/ASIC1/BDNF/C1QL1/C1QL3/CAMK2B/CAPRIN1/CARMIL3/CC2D1A/CDC42/CDK5R1/CFL1/CHMP2B/CNTNAP1/CRIPT/CRTAC1/CTNNA2/CUX2/DAG1/DCTN1/DISC1/EPHB2/EPHB3/ETV5/FARP1/GNA13/IL10RA/KIF1A/LRFN1/LRFN4/LRFN5/LRP8/MAPRE3/MDGA1/MEF2C/MRTFB/NAE1/NCKIPSD/NEDD4/NF1/NRCAM/NTRK2/PAFAH1B1/PRKCA/RAC1/RHOA/RHOG/RTN4RL2/S1PR2/SETD5/SIPA1L1/SIX4/SLIT1/SLITRK4/SRCIN1/SRGAP1/STAU2/STRN4/TANC1/TANC2/TUBB/ZDHHC17",70
"GO:0090224","regulation of spindle organization","16/2806","48/18860",0.333333333333333,2.24043715846995,3.59740584035252,0.00108152061568973,0.0384034688799299,0.0346659147177372,"CCSAP/CHMP2B/CHMP5/CHMP7/DCTN1/DYNC1H1/FSD1/GNAI1/GPSM2/HNRNPU/NUMA1/NUP62/PARP3/RAE1/RCC1/RNF4",16
"GO:0060236","regulation of mitotic spindle organization","15/2806","44/18860",0.340909090909091,2.29135618479881,3.58525679193405,0.00118282724032613,0.0417565523445363,0.0376926648737953,"CCSAP/CHMP2B/CHMP5/CHMP7/DCTN1/DYNC1H1/FSD1/GNAI1/GPSM2/HNRNPU/NUMA1/NUP62/PARP3/RAE1/RCC1",15
"GO:1905818","regulation of chromosome separation","22/2806","76/18860",0.289473684210526,1.94564279551337,3.45343597509399,0.00122539675585813,0.0430093011651479,0.0388234919851129,"ANAPC11/APC/ATM/BUB3/CCNB1/CENPF/CHFR/CSNK2A2/CUL3/GEN1/HASPIN/KLHL22/KNL1/MAD1L1/NCAPD3/NCAPH/NSMCE2/NUMA1/PLSCR1/SKA1/SMC4/SPDL1",22
"GO:0099175","regulation of postsynapse organization","36/2806","146/18860",0.246575342465753,1.65730967886818,3.3333021075533,0.00125781737027339,0.0438934889212647,0.0396216276286362,"ABI2/AKT1/ARF4/ARHGAP12/ASIC1/CAMK2B/CAPRIN1/CARMIL3/CC2D1A/CDC42/CDK5R1/CFL1/CHMP2B/CRIPT/CUX2/DISC1/EPHB2/GNA13/KIF1A/LRFN1/LRFN4/LRP8/MAPRE3/NAE1/NCKIPSD/NF1/NRCAM/PAFAH1B1/RAC1/RHOG/S1PR2/SIPA1L1/SRCIN1/STAU2/TANC1/TANC2",36
"GO:0045664","regulation of neuron differentiation","46/2806","199/18860",0.231155778894472,1.55366998929072,3.28262747414292,0.0012874900006402,0.0444802645619789,0.0401512962995326,"ADRA2C/BEND6/BMP2/BMP7/BNIP2/CDK5R1/CDON/CYB5D2/DIXDC1/DLX2/DUOXA1/EIF4ENIF1/ETV5/FEZF2/FOXA1/FOXO3/FUOM/GATA2/GDPD5/GLI3/HEY2/ID2/MEF2C/MEIS1/MIB1/MMD2/MYCL/NCOA1/NEUROD1/NGF/NOTCH1/NRCAM/NREP/PAX6/PTBP1/RAC1/RAP1GAP/RHOA/SLC6A4/SOX11/TCF3/TCF4/TIAM1/TRIM32/YWHAH/ZEB1",46
"GO:0015980","energy derivation by oxidation of organic compounds","88/2806","434/18860",0.202764976958525,1.36284656644255,3.19715641171443,0.001289283030782,0.0444802645619789,0.0401512962995326,"ACO2/ACTN3/ADPGK/AIFM2/AKT1/AKT2/ANTKMT/ATP5F1C/ATP5F1D/ATP5MG/BCKDK/BID/CCNB1/CDK1/CISD1/COQ10B/COX6C/COX8C/DYRK2/ENO2/ENO3/ETFDH/FKRP/FOXK1/FOXK2/GAA/GPI/GRB10/IDH3A/IDH3G/IFNAR1/ISCU/KHK/LDHA/MFSD8/MLST8/MT3/MTCH2/MTFR1/NDUFA11/NDUFA3/NDUFA8/NDUFA9/NDUFB10/NDUFB2/NDUFB4/NDUFB7/NDUFS7/NDUFS8/NHLRC1/NOS2/NR4A3/OGDHL/OPN3/OXA1L/PDHB/PDK2/PFKM/PFKP/PGAM1/PHKA1/PHKB/PHKG2/PHLDA2/PINK1/PLEC/PPARA/PPP1CB/PRELID1/PYGB/PYGL/RAN/RHOA/SCO2/SDHA/SDHAF4/SDHD/SLC25A51/TIGAR/TMEM135/TRAP1/UQCC2/UQCR10/UQCR11/WDR45/WDR45B/WIPI2/ZBTB20",88
"GO:0016072","rRNA metabolic process","59/2806","270/18860",0.218518518518519,1.46873102610808,3.24322756574291,0.00129768055777244,0.0445170415073121,0.0401844939894207,"BOP1/BRF1/BYSL/CDKN2A/CHD7/DDX10/DDX11/DHX37/DKC1/ERCC2/ERCC6/EXOSC2/EXOSC6/EXOSC8/FTSJ3/GEMIN4/GTF2H5/GTF3A/IMP3/KRI1/MAK16/MAPT/MPHOSPH10/MYG1/NAF1/NAT10/NCL/NOL7/NOLC1/NOP56/POLR1A/POP4/POP7/PPAN/PRKDC/PWP1/PWP2/RBFA/RPL5/RPP38/RPS15/RPUSD1/RRP1/RRP1B/SART1/SIRT7/SMARCA4/SMARCB1/SPIN1/SUV39H1/TAF1B/TOP1/USP36/UTP18/UTP20/UTP4/WDR18/WDR43/YTHDF2",59
"GO:0098917","retrograde trans-synaptic signaling","6/2806","10/18860",0.6,4.0327868852459,4.01049288690627,0.00131870314627086,0.0446097027842761,0.0402681371606902,"ABHD6/CNR1/DAG1/DAGLA/FARP1/TENM2",6
"GO:0030705","cytoskeleton-dependent intracellular transport","48/2806","210/18860",0.228571428571429,1.53629976580796,3.26730269428981,0.00132005447456106,0.0446097027842761,0.0402681371606902,"ACTN4/AP3B1/BAG3/CAMSAP3/CDC42/CLIP3/COPG1/COPG2/DAW1/DYNC1H1/DYNC2I1/DYNLL1/F8A3/FUZ/HNRNPU/HOOK1/HOOK3/IFT122/IFT80/IFT81/KIF17/KIF1A/KIF1B/KIF1C/KXD1/LCA5L/MAP6/MAPK8IP3/MAPT/MYO10/MYO1C/MYO5C/NDEL1/OPA1/PAFAH1B1/RASGRP1/RPGR/SPAST/SPG7/SSNA1/SSX2IP/STAU2/TANC2/TMEM108/TRAF3IP1/TUBB/UBB/UXT",48
"GO:0006289","nucleotide-excision repair","24/2806","86/18860",0.27906976744186,1.87571483034693,3.40286764705198,0.00132242201929672,0.0446097027842761,0.0402681371606902,"ACTB/ARID1B/BCL7A/DPF2/ERCC2/ERCC4/ERCC6/FAN1/FANCC/GTF2H5/KAT7/LIG4/OGG1/POLD3/RAD23B/RBX1/RNF111/RPA1/SMARCA4/SMARCB1/SMARCC1/SMARCD3/USP45/UVSSA",24
"GO:0061640","cytoskeleton-dependent cytokinesis","32/2806","126/18860",0.253968253968254,1.70699973978662,3.32890041146335,0.00135827565332574,0.045566020812121,0.0411313831164125,"ANLN/APC/ARF1/CENPA/CEP55/CFL1/CHMP2B/CHMP5/CHMP7/CKAP2/CNTROB/EFHC1/EXOC6/IQGAP2/LUZP1/MYH10/NOX5/NUP62/PDCD6IP/PLEC/RASA1/RHOA/SEPTIN2/SEPTIN3/SEPTIN8/SEPTIN9/SPART/SPAST/SPIRE2/SPTBN1/WASHC5/ZFYVE19",32
"GO:0060996","dendritic spine development","26/2806","96/18860",0.270833333333333,1.82035519125683,3.36888642074795,0.00137672550341071,0.0457815406453545,0.0413259278379379,"ABI2/ARF4/CAMK2B/CAPRIN1/CDC42/CDK5R1/CFL1/CUX2/DIP2A/DISC1/DLG4/EPHB2/EPHB3/FMR1/FOXO6/FSTL4/KIF1A/LRP8/MAPRE3/MEF2C/PAFAH1B1/RAC1/SIPA1L1/SRCIN1/STAU2/TANC2",26
"GO:0090630","activation of GTPase activity","10/2806","24/18860",0.416666666666667,2.80054644808743,3.69000660430363,0.00137977963407442,0.0457815406453545,0.0413259278379379,"APC2/ARHGAP42/CCDC125/MTSS2/PIP5K1A/RALGAPA2/RALGAPB/RASGRP1/RHOG/SIPA1L1",10
"GO:0042770","signal transduction in response to DNA damage","46/2806","200/18860",0.23,1.54590163934426,3.24477891261104,0.00143564616203398,0.0471202351128126,0.0425343360780138,"ABRAXAS1/ATM/BABAM2/BID/BRD4/BRSK1/CASP2/CCND1/CDC14B/CDC5L/CDK1/CDKN2A/CEP63/CLOCK/DTL/DYRK1A/E2F1/E2F7/ERCC6/FOXN3/FOXO3/FOXO4/FZR1/GADD45A/GTSE1/H2AX/INTS7/MRNIP/NDRG1/NPM1/PAXIP1/PLK3/PML/PPM1D/PRKDC/PTTG1IP/RAD9A/RBX1/TAOK1/TAOK2/TELO2/TRIM39/TWIST1/USP10/WAC/ZNHIT1",46
"GO:0098727","maintenance of cell number","46/2806","200/18860",0.23,1.54590163934426,3.24477891261104,0.00143564616203398,0.0471202351128126,0.0425343360780138,"ACTB/ARID4A/ASCL2/BCL7A/BICRA/BMP7/BMPR1A/BRAF/CDC73/CDKN2A/CTR9/DPF2/EIF4ENIF1/FOXO3/GATA2/HMGA2/HOOK3/ING1/ING2/KDM3A/KDM4C/KIT/KLF4/LBH/LIF/LIG4/MED15/MED28/NFIB/NOTCH1/RBBP7/RTF1/SAP30/SETD6/SKI/SMARCA4/SMARCB1/SMARCC1/SMC5/SRRT/SS18/SUDS3/TAF5L/TEAD4/TRIM8/WDR43",46
"GO:1902806","regulation of cell cycle G1/S phase transition","47/2806","206/18860",0.228155339805825,1.53350310361292,3.21881568171699,0.00153174048483148,0.0497889687351819,0.0449433396096131,"ACTB/AKT1/APC/ARID1B/BCL7A/BID/CACNB4/CCND1/CCND3/CCNE2/CCNH/CDC6/CDC73/CDK10/CDK2AP2/CDKN2A/CDKN2C/CPSF3/DACT1/DDRGK1/DDX3X/DPF2/E2F1/E2F7/FBXO7/FHL1/ID2/INHBA/KLF4/MEPCE/PKD2/PLK3/PRKDC/PRMT2/RASSF1/RBL2/SENP2/SMARCA4/SMARCB1/SMARCC1/SMARCD3/TCF3/TFDP1/TMEM14B/TRIM39/UBE2E2/WAC",47
"GO:1903322","positive regulation of protein modification by small protein conjugation or removal","33/2806","132/18860",0.25,1.68032786885246,3.27922382939284,0.0015333559211922,0.0497889687351819,0.0449433396096131,"CDC14B/CDKN2A/CHFR/CUL3/DCUN1D2/DCUN1D4/DDX3X/DNAJA3/FZR1/NGF/NHLRC1/NOD2/NPM1/PAXIP1/PHF23/PIAS1/PIAS4/PINK1/PTTG1IP/RASSF1/RASSF5/RBX1/RIPK2/RNF111/SAE1/SENP2/SPRTN/SPSB4/STUB1/TNIP1/UBA2/UBB/UBE3A",33
